{
  "GD Oracle": [
    2.285590648651123,
    2.200629234313965,
    2.165987014770508,
    2.1896936893463135,
    2.0865108966827393,
    2.082305908203125,
    2.1197495460510254,
    2.0598740577697754,
    2.0499789714813232,
    2.0424752235412598,
    2.0862014293670654,
    2.03839373588562,
    2.0200576782226562,
    2.0327155590057373,
    2.043532371520996,
    1.9814101457595825,
    1.9896876811981201,
    1.9711416959762573,
    1.996595025062561,
    1.9826284646987915,
    1.9631067514419556,
    1.9438470602035522,
    1.9452675580978394,
    1.9511367082595825,
    1.910300374031067,
    1.8984546661376953,
    1.9472602605819702,
    1.8925747871398926,
    1.8926688432693481,
    1.9014921188354492,
    1.9095027446746826,
    1.8948001861572266,
    1.8703256845474243,
    1.8735777139663696,
    1.889924168586731,
    1.8883618116378784,
    1.8570529222488403,
    1.8791810274124146,
    1.8738023042678833
  ],
  "True Oracle": [
    1.7393511533737183,
    1.7259591817855835,
    1.7122163772583008,
    1.740356206893921,
    1.7133241891860962,
    1.715689778327942,
    1.727293848991394,
    1.7188714742660522,
    1.7060718536376953,
    1.7175265550613403,
    1.7511690855026245,
    1.73373281955719,
    1.7292249202728271,
    1.7270005941390991,
    1.7501370906829834,
    1.7194081544876099,
    1.7413159608840942,
    1.722145676612854,
    1.7475088834762573,
    1.7487558126449585,
    1.739320993423462,
    1.7299079895019531,
    1.7331745624542236,
    1.7349108457565308,
    1.7145445346832275,
    1.719559907913208,
    1.7547216415405273,
    1.7193667888641357,
    1.7272117137908936,
    1.7140263319015503,
    1.7405222654342651,
    1.7407817840576172,
    1.7160029411315918,
    1.7255058288574219,
    1.7409042119979858,
    1.7310878038406372,
    1.7240046262741089,
    1.736507534980774,
    1.741382360458374
  ],
  "Poisson": [
    2.5965306758880615,
    2.8211252689361572,
    2.772733449935913,
    2.9228594303131104,
    3.0564074516296387,
    2.96460223197937,
    3.1500163078308105,
    3.2741527557373047,
    3.242993116378784,
    3.2111358642578125,
    3.3135604858398438,
    3.640730857849121,
    3.5222420692443848,
    3.697014808654785,
    3.6898889541625977,
    3.9163131713867188,
    3.5666394233703613,
    3.7058663368225098,
    3.8151116371154785,
    4.061295032501221,
    4.071147441864014,
    4.064825534820557,
    3.9569835662841797,
    4.1292314529418945,
    4.1197028160095215,
    3.9802677631378174,
    3.9709160327911377,
    4.12547492980957,
    3.9955780506134033,
    3.98738431930542,
    4.258681774139404,
    4.169651031494141,
    4.21365213394165,
    4.004628658294678,
    4.223097324371338,
    4.052913665771484,
    4.484724044799805,
    4.142158031463623,
    4.461782932281494,
    4.277698993682861
  ],
  "Negative Binomial (r=1.2)": [
    2.0793728828430176,
    2.120473861694336,
    2.076911687850952,
    2.0567519664764404,
    2.083272933959961,
    2.012061357498169,
    2.0039639472961426,
    2.025352716445923,
    1.9893851280212402,
    1.9761765003204346,
    1.9882277250289917,
    2.008794069290161,
    1.9784462451934814,
    1.9594886302947998,
    1.9738317728042603,
    1.980746865272522,
    1.9460984468460083,
    1.9530761241912842,
    1.92935311794281,
    1.951955795288086,
    1.9464077949523926,
    1.9326999187469482,
    1.9188511371612549,
    1.9210526943206787,
    1.9227629899978638,
    1.8915437459945679,
    1.8895362615585327,
    1.9257577657699585,
    1.8794020414352417,
    1.877270221710205,
    1.884099006652832,
    1.8933812379837036,
    1.882308006286621,
    1.8642264604568481,
    1.8669474124908447,
    1.8833140134811401,
    1.8742856979370117,
    1.853040337562561,
    1.8731995820999146,
    1.8683531284332275
  ],
  "Negative Binomial (r=2.5)": [
    2.078137159347534,
    2.140284776687622,
    2.106924295425415,
    2.1106066703796387,
    2.130401134490967,
    2.082824468612671,
    2.08516001701355,
    2.110058546066284,
    2.1050798892974854,
    2.0786919593811035,
    2.107448101043701,
    2.141047716140747,
    2.1062278747558594,
    2.083733558654785,
    2.0993359088897705,
    2.1080493927001953,
    2.0581140518188477,
    2.112473726272583,
    2.0630955696105957,
    2.1089205741882324,
    2.109508991241455,
    2.074751138687134,
    2.0696794986724854,
    2.0806050300598145,
    2.0791141986846924,
    2.046131134033203,
    2.0191712379455566,
    2.0737416744232178,
    2.0220484733581543,
    2.0078365802764893,
    2.03440260887146,
    2.0464632511138916,
    2.0279042720794678,
    2.001340866088867,
    2.012017250061035,
    2.023394823074341,
    2.0308635234832764,
    1.9924843311309814,
    2.023782730102539,
    2.0079994201660156
  ],
  "Negative\nBinomial (r=5.0)": [
    2.077195882797241,
    2.2009897232055664,
    2.2180984020233154,
    2.279123067855835,
    2.3223719596862793,
    2.3169918060302734,
    2.3552920818328857,
    2.403308868408203,
    2.434370994567871,
    2.4051408767700195,
    2.447221517562866,
    2.498333692550659,
    2.449167013168335,
    2.4445576667785645,
    2.4781107902526855,
    2.425967216491699,
    2.378296375274658,
    2.472280979156494,
    2.382826566696167,
    2.4737696647644043,
    2.4696099758148193,
    2.4267566204071045,
    2.401313304901123,
    2.4290976524353027,
    2.403380870819092,
    2.3798515796661377,
    2.332362413406372,
    2.3899593353271484,
    2.3399593830108643,
    2.3188586235046387,
    2.3395771980285645,
    2.383354663848877,
    2.3311078548431396,
    2.290432929992676,
    2.3567698001861572,
    2.3017842769622803,
    2.3310558795928955,
    2.273052215576172,
    2.31306529045105,
    2.3023643493652344
  ]
}