{
  "GD Oracle": [
    3.975067377090454,
    4.00258207321167,
    3.928774118423462,
    3.8277952671051025,
    3.7686123847961426,
    3.602024793624878,
    3.5992045402526855,
    3.558306932449341,
    3.504028797149658,
    3.5422909259796143,
    3.4021663665771484,
    3.3470022678375244,
    3.338282823562622,
    3.3088245391845703,
    3.262885093688965,
    3.298021078109741,
    3.261906147003174,
    3.1898858547210693,
    3.1773808002471924,
    3.1606667041778564,
    3.1474695205688477,
    3.1849474906921387,
    3.1096975803375244,
    3.151624917984009,
    3.1061508655548096,
    3.1359667778015137,
    3.052485942840576,
    3.0928163528442383,
    3.1040472984313965,
    3.057509183883667,
    3.0650455951690674,
    3.0834836959838867,
    3.0504894256591797,
    3.0369551181793213,
    3.0388453006744385,
    2.998845100402832,
    3.0220704078674316,
    2.993070602416992,
    2.9906890392303467
  ],
  "True Oracle": [
    2.8393471240997314,
    2.8432693481445312,
    2.8390421867370605,
    2.855661153793335,
    2.8389556407928467,
    2.8325130939483643,
    2.850954532623291,
    2.840850830078125,
    2.8445582389831543,
    2.863283634185791,
    2.823554515838623,
    2.831284999847412,
    2.8539514541625977,
    2.8250367641448975,
    2.8293638229370117,
    2.8637638092041016,
    2.84184193611145,
    2.8263890743255615,
    2.8325765132904053,
    2.842700958251953,
    2.825960874557495,
    2.8651974201202393,
    2.82827091217041,
    2.852293014526367,
    2.8355343341827393,
    2.861248254776001,
    2.8305492401123047,
    2.8553555011749268,
    2.8599421977996826,
    2.8578546047210693,
    2.84671950340271,
    2.8602426052093506,
    2.855515241622925,
    2.8523123264312744,
    2.85701584815979,
    2.8315632343292236,
    2.849794864654541,
    2.8305253982543945,
    2.8377978801727295
  ],
  "Poisson": [
    5.472214221954346,
    5.801172256469727,
    6.756213665008545,
    7.955639839172363,
    8.6909761428833,
    9.164039611816406,
    9.06617546081543,
    10.285713195800781,
    10.6932373046875,
    10.902949333190918,
    11.660197257995605,
    11.662232398986816,
    11.003583908081055,
    12.467565536499023,
    11.693489074707031,
    12.399738311767578,
    13.794636726379395,
    13.565352439880371,
    13.114485740661621,
    13.36213207244873,
    14.023143768310547,
    13.030885696411133,
    14.441204071044922,
    14.039581298828125,
    14.65855884552002,
    13.581966400146484,
    14.843650817871094,
    14.484972953796387,
    15.42597484588623,
    14.513002395629883,
    14.572243690490723,
    15.664983749389648,
    15.24087142944336,
    14.4791841506958,
    15.106034278869629,
    14.966577529907227,
    14.207498550415039,
    14.58150577545166,
    14.895365715026855,
    14.647907257080078
  ],
  "Negative Binomial (r=1.2)": [
    3.8051271438598633,
    3.7523560523986816,
    3.805840253829956,
    3.8264291286468506,
    3.7226033210754395,
    3.752375602722168,
    3.679884195327759,
    3.6772959232330322,
    3.6460208892822266,
    3.6377334594726562,
    3.6626179218292236,
    3.5814695358276367,
    3.5309054851531982,
    3.550708532333374,
    3.5320019721984863,
    3.492863655090332,
    3.5072877407073975,
    3.5135459899902344,
    3.4276936054229736,
    3.4502596855163574,
    3.433913230895996,
    3.41003155708313,
    3.4359545707702637,
    3.363138198852539,
    3.4149322509765625,
    3.366875648498535,
    3.4025678634643555,
    3.3138794898986816,
    3.343153715133667,
    3.3605077266693115,
    3.3094615936279297,
    3.3379976749420166,
    3.3205342292785645,
    3.2967748641967773,
    3.3019187450408936,
    3.301785945892334,
    3.2647781372070312,
    3.2969913482666016,
    3.24712872505188,
    3.246957778930664
  ],
  "Negative Binomial (r=2.5)": [
    3.795609712600708,
    3.702547073364258,
    3.711759567260742,
    3.660231828689575,
    3.585075616836548,
    3.568554162979126,
    3.4696483612060547,
    3.445986747741699,
    3.4172234535217285,
    3.401177167892456,
    3.416597604751587,
    3.318289279937744,
    3.2866690158843994,
    3.2836849689483643,
    3.2541003227233887,
    3.2207751274108887,
    3.2514355182647705,
    3.2227346897125244,
    3.1614608764648438,
    3.158457040786743,
    3.1487483978271484,
    3.1345889568328857,
    3.165351390838623,
    3.1001553535461426,
    3.1352665424346924,
    3.0961737632751465,
    3.1221730709075928,
    3.0512897968292236,
    3.0810976028442383,
    3.1019694805145264,
    3.057170867919922,
    3.0607447624206543,
    3.0809695720672607,
    3.0512149333953857,
    3.0413818359375,
    3.0454094409942627,
    3.0026209354400635,
    3.0255701541900635,
    2.9999351501464844,
    2.999161958694458
  ],
  "Negative\nBinomial (r=5.0)": [
    3.8026585578918457,
    3.7662370204925537,
    3.8589115142822266,
    3.8676979541778564,
    3.917447566986084,
    3.9319560527801514,
    3.8433806896209717,
    3.912670135498047,
    3.9066054821014404,
    3.928797483444214,
    3.9448158740997314,
    3.8020451068878174,
    3.7948646545410156,
    3.830812454223633,
    3.7421185970306396,
    3.733041286468506,
    3.7966296672821045,
    3.7368452548980713,
    3.664010524749756,
    3.6499974727630615,
    3.6249330043792725,
    3.5606117248535156,
    3.6233158111572266,
    3.5467724800109863,
    3.5360300540924072,
    3.519305467605591,
    3.5271732807159424,
    3.452911138534546,
    3.5083725452423096,
    3.5109002590179443,
    3.4359099864959717,
    3.431638240814209,
    3.4610912799835205,
    3.409406900405884,
    3.425413131713867,
    3.3804209232330322,
    3.3362033367156982,
    3.3593029975891113,
    3.358894109725952,
    3.3022475242614746
  ]
}