{
  "GD Oracle": [
    6.692070960998535,
    6.474621772766113,
    5.968953609466553,
    5.820317268371582,
    5.653624534606934,
    5.405830383300781,
    5.302312850952148,
    5.080967426300049,
    5.026912212371826,
    4.906913757324219,
    4.776729106903076,
    4.730646133422852,
    4.635369777679443,
    4.5459184646606445,
    4.493324279785156,
    4.437775611877441,
    4.448065757751465,
    4.326332092285156,
    4.321585178375244,
    4.337888717651367,
    4.2674641609191895,
    4.231773376464844,
    4.25079345703125,
    4.19915246963501,
    4.208907604217529,
    4.1813883781433105,
    4.154972553253174,
    4.166044235229492,
    4.151758670806885,
    4.154272079467773,
    4.107022762298584,
    4.1028733253479,
    4.092381000518799,
    4.086352825164795,
    4.075992584228516,
    4.06381368637085,
    4.0744805335998535,
    4.082771301269531,
    4.066543102264404
  ],
  "True Oracle": [
    3.8714537620544434,
    3.880215644836426,
    3.8614859580993652,
    3.887254238128662,
    3.878455400466919,
    3.879110097885132,
    3.8903679847717285,
    3.874643325805664,
    3.9054484367370605,
    3.9068045616149902,
    3.884347915649414,
    3.900499105453491,
    3.9038944244384766,
    3.877894878387451,
    3.8821756839752197,
    3.8675615787506104,
    3.915278911590576,
    3.8751842975616455,
    3.8772921562194824,
    3.903789758682251,
    3.867344379425049,
    3.878314256668091,
    3.894906520843506,
    3.8787074089050293,
    3.8973333835601807,
    3.8670401573181152,
    3.87859845161438,
    3.9013900756835938,
    3.8972713947296143,
    3.898172616958618,
    3.8751578330993652,
    3.8745033740997314,
    3.879744529724121,
    3.8903651237487793,
    3.8848154544830322,
    3.8759779930114746,
    3.894993305206299,
    3.908127546310425,
    3.8890647888183594
  ],
  "Poisson": [
    10.147029876708984,
    12.250747680664062,
    16.05567169189453,
    19.197643280029297,
    20.910987854003906,
    22.688199996948242,
    23.031099319458008,
    24.24460792541504,
    23.626060485839844,
    23.55081558227539,
    24.19007110595703,
    24.60918426513672,
    25.042211532592773,
    24.544933319091797,
    23.98708724975586,
    24.89954376220703,
    26.335355758666992,
    25.509315490722656,
    23.40707778930664,
    24.879497528076172,
    24.76445198059082,
    26.67298126220703,
    24.170700073242188,
    25.559484481811523,
    24.95379066467285,
    26.39531898498535,
    26.16876220703125,
    27.074357986450195,
    28.581193923950195,
    26.77787971496582,
    25.42432975769043,
    25.629138946533203,
    28.0109806060791,
    28.46208953857422,
    27.68438148498535,
    26.694211959838867,
    29.118051528930664,
    27.499380111694336,
    27.763355255126953,
    27.8004150390625
  ],
  "Negative Binomial (r=1.2)": [
    6.022523880004883,
    6.643805503845215,
    6.867177963256836,
    6.960968494415283,
    7.1660943031311035,
    7.1862077713012695,
    7.034725666046143,
    7.080935955047607,
    7.040828704833984,
    7.237782001495361,
    7.078221797943115,
    6.905599594116211,
    6.986635684967041,
    6.882795333862305,
    6.700545310974121,
    6.6046247482299805,
    6.654233455657959,
    6.601606845855713,
    6.371646404266357,
    6.4546332359313965,
    6.4361572265625,
    6.2619428634643555,
    6.228874206542969,
    6.319866180419922,
    6.09700870513916,
    6.217069149017334,
    6.266909599304199,
    6.141127109527588,
    6.111053943634033,
    6.093804359436035,
    6.084839820861816,
    5.951374053955078,
    5.987307071685791,
    6.085878849029541,
    5.957680702209473,
    5.9736809730529785,
    5.9545159339904785,
    5.978130340576172,
    6.010849952697754,
    5.924463748931885
  ],
  "Negative Binomial (r=2.5)": [
    6.019367694854736,
    6.16948127746582,
    6.16931676864624,
    6.07921838760376,
    6.186529159545898,
    6.254162311553955,
    6.135498046875,
    6.120314121246338,
    6.038112163543701,
    6.156334400177002,
    6.1052632331848145,
    5.977909088134766,
    5.96769905090332,
    5.9146647453308105,
    5.751035213470459,
    5.649756908416748,
    5.573428630828857,
    5.528426170349121,
    5.353686809539795,
    5.380269527435303,
    5.339951992034912,
    5.219048500061035,
    5.170088768005371,
    5.1709136962890625,
    5.038599967956543,
    5.056031227111816,
    5.020609378814697,
    4.934372425079346,
    4.920273303985596,
    4.922132968902588,
    4.878247261047363,
    4.775686264038086,
    4.789547920227051,
    4.752124309539795,
    4.74559211730957,
    4.70604133605957,
    4.695821762084961,
    4.692648887634277,
    4.700685024261475,
    4.610956192016602
  ],
  "Negative\nBinomial (r=5.0)": [
    6.0161824226379395,
    5.94941520690918,
    5.809576988220215,
    5.518120765686035,
    5.431759357452393,
    5.330782413482666,
    5.173727989196777,
    5.0897536277771,
    4.95308780670166,
    4.903865337371826,
    4.81433629989624,
    4.727955341339111,
    4.701595783233643,
    4.615001678466797,
    4.5478644371032715,
    4.4992265701293945,
    4.4634294509887695,
    4.470671653747559,
    4.368268966674805,
    4.356614112854004,
    4.364747524261475,
    4.309082508087158,
    4.2750349044799805,
    4.296529769897461,
    4.2399492263793945,
    4.255918025970459,
    4.2360076904296875,
    4.1992950439453125,
    4.215376853942871,
    4.1995744705200195,
    4.1939568519592285,
    4.154384136199951,
    4.151753902435303,
    4.137979507446289,
    4.135131359100342,
    4.123881816864014,
    4.118499755859375,
    4.117922782897949,
    4.130307674407959,
    4.1071977615356445
  ]
}