{
  "GD Oracle": [
    2.4313113689422607,
    2.4182980060577393,
    2.188143491744995,
    2.2231202125549316,
    2.1741673946380615,
    2.187129020690918,
    2.2337117195129395,
    2.066343307495117,
    2.106473684310913,
    1.9572105407714844,
    1.8930171728134155,
    1.9353444576263428,
    1.8816717863082886,
    1.8844367265701294,
    1.8484805822372437,
    1.810900330543518,
    1.7948130369186401,
    1.7732023000717163,
    1.7182379961013794,
    1.7118171453475952,
    1.6739015579223633,
    1.6907964944839478,
    1.6128573417663574,
    1.6527683734893799,
    1.6539411544799805,
    1.6068828105926514,
    1.6364907026290894,
    1.6078335046768188,
    1.5891937017440796,
    1.567671298980713,
    1.5641849040985107,
    1.5755772590637207,
    1.5675005912780762,
    1.5432929992675781,
    1.5683737993240356,
    1.5250496864318848,
    1.5290123224258423,
    1.5376863479614258,
    1.4941396713256836
  ],
  "True Oracle": [
    1.312388300895691,
    1.320807695388794,
    1.3073500394821167,
    1.3225454092025757,
    1.3125677108764648,
    1.3203507661819458,
    1.3406389951705933,
    1.3255330324172974,
    1.3062456846237183,
    1.3174207210540771,
    1.2973376512527466,
    1.3106017112731934,
    1.3086225986480713,
    1.3244540691375732,
    1.322709321975708,
    1.3121143579483032,
    1.3260492086410522,
    1.3306394815444946,
    1.3114986419677734,
    1.3200316429138184,
    1.3162033557891846,
    1.3202944993972778,
    1.304965853691101,
    1.3286123275756836,
    1.3239411115646362,
    1.315102219581604,
    1.318981647491455,
    1.327231526374817,
    1.3094677925109863,
    1.3161119222640991,
    1.321163535118103,
    1.313674807548523,
    1.3230754137039185,
    1.316221833229065,
    1.336315631866455,
    1.3189860582351685,
    1.3228349685668945,
    1.3335481882095337,
    1.321510672569275
  ],
  "Joint (r=1.2)": [
    2.44473934173584,
    2.400510787963867,
    2.4148857593536377,
    2.221492052078247,
    2.3009190559387207,
    2.2706074714660645,
    2.2793140411376953,
    2.348616361618042,
    2.198776960372925,
    2.2600717544555664,
    2.143300771713257,
    2.0821964740753174,
    2.1265788078308105,
    2.136641502380371,
    2.064099073410034,
    2.0932371616363525,
    2.060967206954956,
    2.1265645027160645,
    2.0357930660247803,
    1.990709662437439,
    1.9707130193710327,
    2.0422651767730713,
    2.021639823913574,
    1.9245409965515137,
    1.9962807893753052,
    2.0736680030822754,
    1.9905534982681274,
    2.1176652908325195,
    2.028224468231201,
    2.036468267440796,
    1.976270318031311,
    1.9511831998825073,
    2.0252861976623535,
    2.025385618209839,
    1.9746538400650024,
    2.08249831199646,
    1.9129929542541504,
    2.0217320919036865,
    2.02479887008667,
    1.984004259109497
  ],
  "Joint (r=2.5)": [
    2.636610984802246,
    2.469282865524292,
    2.392472743988037,
    2.179267644882202,
    2.1722781658172607,
    2.1287667751312256,
    2.1092519760131836,
    2.114346742630005,
    1.9875699281692505,
    1.9987552165985107,
    1.914488673210144,
    1.849890947341919,
    1.8914196491241455,
    1.8415265083312988,
    1.8217206001281738,
    1.8077234029769897,
    1.7738286256790161,
    1.7730276584625244,
    1.7458242177963257,
    1.7028533220291138,
    1.7042454481124878,
    1.6689774990081787,
    1.6788675785064697,
    1.6247608661651611,
    1.651519536972046,
    1.6551774740219116,
    1.6105724573135376,
    1.6392251253128052,
    1.6117208003997803,
    1.593751072883606,
    1.5785329341888428,
    1.578974723815918,
    1.578582525253296,
    1.57860267162323,
    1.5625485181808472,
    1.5801339149475098,
    1.5364547967910767,
    1.5322967767715454,
    1.5465151071548462,
    1.5161354541778564
  ],
  "Joint (r=5.0)": [
    2.8974850177764893,
    2.433126449584961,
    2.2992005348205566,
    2.0809881687164307,
    2.076382875442505,
    2.053474187850952,
    2.0550429821014404,
    2.0797839164733887,
    1.9478700160980225,
    1.9931938648223877,
    1.883478045463562,
    1.8283337354660034,
    1.8690558671951294,
    1.8188421726226807,
    1.8183698654174805,
    1.7923202514648438,
    1.7609148025512695,
    1.7613565921783447,
    1.7311421632766724,
    1.6972624063491821,
    1.6910640001296997,
    1.6675812005996704,
    1.6756622791290283,
    1.6095964908599854,
    1.6468901634216309,
    1.6476171016693115,
    1.6089075803756714,
    1.6370606422424316,
    1.609474539756775,
    1.5958852767944336,
    1.5811071395874023,
    1.5768026113510132,
    1.5745389461517334,
    1.5737565755844116,
    1.563269853591919,
    1.5821236371994019,
    1.5358147621154785,
    1.5424449443817139,
    1.5478938817977905,
    1.508171796798706
  ]
}