{
  "GD Oracle": [
    2.285590648651123,
    2.200629234313965,
    2.165987014770508,
    2.1896936893463135,
    2.0865108966827393,
    2.082305908203125,
    2.1197495460510254,
    2.0598740577697754,
    2.0499789714813232,
    2.0424752235412598,
    2.0862014293670654,
    2.03839373588562,
    2.0200576782226562,
    2.0327155590057373,
    2.043532371520996,
    1.9814101457595825,
    1.9896876811981201,
    1.9711416959762573,
    1.996595025062561,
    1.9826284646987915,
    1.9631067514419556,
    1.9438470602035522,
    1.9452675580978394,
    1.9511367082595825,
    1.910300374031067,
    1.8984546661376953,
    1.9472602605819702,
    1.8925747871398926,
    1.8926688432693481,
    1.9014921188354492,
    1.9095027446746826,
    1.8948001861572266,
    1.8703256845474243,
    1.8735777139663696,
    1.889924168586731,
    1.8883618116378784,
    1.8570529222488403,
    1.8791810274124146,
    1.8738023042678833
  ],
  "True Oracle": [
    1.7393511533737183,
    1.7259591817855835,
    1.7122163772583008,
    1.740356206893921,
    1.7133241891860962,
    1.715689778327942,
    1.727293848991394,
    1.7188714742660522,
    1.7060718536376953,
    1.7175265550613403,
    1.7511690855026245,
    1.73373281955719,
    1.7292249202728271,
    1.7270005941390991,
    1.7501370906829834,
    1.7194081544876099,
    1.7413159608840942,
    1.722145676612854,
    1.7475088834762573,
    1.7487558126449585,
    1.739320993423462,
    1.7299079895019531,
    1.7331745624542236,
    1.7349108457565308,
    1.7145445346832275,
    1.719559907913208,
    1.7547216415405273,
    1.7193667888641357,
    1.7272117137908936,
    1.7140263319015503,
    1.7405222654342651,
    1.7407817840576172,
    1.7160029411315918,
    1.7255058288574219,
    1.7409042119979858,
    1.7310878038406372,
    1.7240046262741089,
    1.736507534980774,
    1.741382360458374
  ],
  "Joint (r=1.2)": [
    2.267516613006592,
    2.385789394378662,
    2.3083627223968506,
    2.313504219055176,
    2.4012646675109863,
    2.2714929580688477,
    2.2952828407287598,
    2.3819539546966553,
    2.343013286590576,
    2.334338426589966,
    2.3011553287506104,
    2.4218828678131104,
    2.349393367767334,
    2.439417839050293,
    2.297520875930786,
    2.4198031425476074,
    2.249729633331299,
    2.3286995887756348,
    2.2694993019104004,
    2.2763962745666504,
    2.2948808670043945,
    2.3039700984954834,
    2.270068645477295,
    2.2152581214904785,
    2.301206111907959,
    2.2001218795776367,
    2.1825244426727295,
    2.233024835586548,
    2.1665916442871094,
    2.121062994003296,
    2.1656432151794434,
    2.1685869693756104,
    2.1669538021087646,
    2.137634754180908,
    2.1247901916503906,
    2.1137099266052246,
    2.1716339588165283,
    2.1237733364105225,
    2.1503899097442627,
    2.1201839447021484
  ],
  "Joint (r=2.5)": [
    2.146038770675659,
    2.3753976821899414,
    2.408597707748413,
    2.516726016998291,
    2.7059977054595947,
    2.628152370452881,
    2.7446866035461426,
    2.9914731979370117,
    2.969388723373413,
    3.010132312774658,
    3.061958074569702,
    3.41030216217041,
    3.338045120239258,
    3.5418694019317627,
    3.467987298965454,
    3.665203809738159,
    3.4055330753326416,
    3.551515579223633,
    3.6739537715911865,
    3.8984460830688477,
    3.8918991088867188,
    3.922839641571045,
    3.7504069805145264,
    3.9790401458740234,
    3.987588882446289,
    3.888383388519287,
    3.8549933433532715,
    3.9675467014312744,
    3.911017417907715,
    3.8882405757904053,
    4.138803005218506,
    4.079760551452637,
    4.111934185028076,
    3.9046475887298584,
    4.146812915802002,
    3.967479705810547,
    4.355787754058838,
    4.065077304840088,
    4.420389175415039,
    4.212560653686523
  ],
  "Joint (r=5.0)": [
    2.085789442062378,
    2.4546008110046387,
    2.553722620010376,
    2.7196078300476074,
    2.8981544971466064,
    2.835541248321533,
    2.975491762161255,
    3.15303897857666,
    3.138472080230713,
    3.1255042552948,
    3.221524715423584,
    3.5264978408813477,
    3.414501428604126,
    3.595842123031616,
    3.567375659942627,
    3.7742271423339844,
    3.468142032623291,
    3.5819878578186035,
    3.693613290786743,
    3.913288116455078,
    3.918426513671875,
    3.9638185501098633,
    3.823124408721924,
    3.985748767852783,
    4.028217315673828,
    3.880631923675537,
    3.870408535003662,
    3.9872117042541504,
    3.8882827758789062,
    3.874497652053833,
    4.133059501647949,
    4.0640950202941895,
    4.089987277984619,
    3.897897958755493,
    4.117794513702393,
    3.9580178260803223,
    4.344010353088379,
    4.066041946411133,
    4.381216526031494,
    4.166546821594238
  ]
}