{
  "GD Oracle": [
    3.975067377090454,
    4.00258207321167,
    3.928774118423462,
    3.8277952671051025,
    3.7686123847961426,
    3.602024793624878,
    3.5992045402526855,
    3.558306932449341,
    3.504028797149658,
    3.5422909259796143,
    3.4021663665771484,
    3.3470022678375244,
    3.338282823562622,
    3.3088245391845703,
    3.262885093688965,
    3.298021078109741,
    3.261906147003174,
    3.1898858547210693,
    3.1773808002471924,
    3.1606667041778564,
    3.1474695205688477,
    3.1849474906921387,
    3.1096975803375244,
    3.151624917984009,
    3.1061508655548096,
    3.1359667778015137,
    3.052485942840576,
    3.0928163528442383,
    3.1040472984313965,
    3.057509183883667,
    3.0650455951690674,
    3.0834836959838867,
    3.0504894256591797,
    3.0369551181793213,
    3.0388453006744385,
    2.998845100402832,
    3.0220704078674316,
    2.993070602416992,
    2.9906890392303467
  ],
  "True Oracle": [
    2.8393471240997314,
    2.8432693481445312,
    2.8390421867370605,
    2.855661153793335,
    2.8389556407928467,
    2.8325130939483643,
    2.850954532623291,
    2.840850830078125,
    2.8445582389831543,
    2.863283634185791,
    2.823554515838623,
    2.831284999847412,
    2.8539514541625977,
    2.8250367641448975,
    2.8293638229370117,
    2.8637638092041016,
    2.84184193611145,
    2.8263890743255615,
    2.8325765132904053,
    2.842700958251953,
    2.825960874557495,
    2.8651974201202393,
    2.82827091217041,
    2.852293014526367,
    2.8355343341827393,
    2.861248254776001,
    2.8305492401123047,
    2.8553555011749268,
    2.8599421977996826,
    2.8578546047210693,
    2.84671950340271,
    2.8602426052093506,
    2.855515241622925,
    2.8523123264312744,
    2.85701584815979,
    2.8315632343292236,
    2.849794864654541,
    2.8305253982543945,
    2.8377978801727295
  ],
  "Joint (r=1.2)": [
    4.386975288391113,
    4.186008453369141,
    4.132687091827393,
    4.053552627563477,
    3.8865249156951904,
    3.8732659816741943,
    3.7746951580047607,
    3.722864866256714,
    3.718524217605591,
    3.7000861167907715,
    3.7360448837280273,
    3.629983425140381,
    3.6155142784118652,
    3.6258108615875244,
    3.622224807739258,
    3.6239187717437744,
    3.677410125732422,
    3.687638998031616,
    3.629011631011963,
    3.6567623615264893,
    3.6578526496887207,
    3.6487905979156494,
    3.6896913051605225,
    3.657249927520752,
    3.7429959774017334,
    3.6806600093841553,
    3.7392163276672363,
    3.6717522144317627,
    3.71761155128479,
    3.7395565509796143,
    3.73529314994812,
    3.749227285385132,
    3.7367608547210693,
    3.7265710830688477,
    3.7362914085388184,
    3.750035047531128,
    3.7667202949523926,
    3.7579925060272217,
    3.7267515659332275,
    3.7601492404937744
  ],
  "Joint (r=2.5)": [
    4.025116443634033,
    3.9244039058685303,
    3.9494307041168213,
    3.8786869049072266,
    3.8232476711273193,
    3.6960830688476562,
    3.6219077110290527,
    3.5480029582977295,
    3.5385890007019043,
    3.4868078231811523,
    3.4818620681762695,
    3.3611435890197754,
    3.346872568130493,
    3.32315731048584,
    3.2777514457702637,
    3.2376623153686523,
    3.2776432037353516,
    3.2355074882507324,
    3.196324586868286,
    3.180575370788574,
    3.168402671813965,
    3.1386661529541016,
    3.1742238998413086,
    3.116868019104004,
    3.1487538814544678,
    3.1021616458892822,
    3.1300675868988037,
    3.0597031116485596,
    3.0925276279449463,
    3.111164093017578,
    3.066060781478882,
    3.0767714977264404,
    3.090087413787842,
    3.0590925216674805,
    3.0432937145233154,
    3.052006483078003,
    3.0144639015197754,
    3.025930881500244,
    3.005955934524536,
    3.010648012161255
  ],
  "Joint (r=5.0)": [
    3.8385820388793945,
    4.04317569732666,
    4.28279447555542,
    4.529201984405518,
    4.852986812591553,
    4.957930088043213,
    4.835440635681152,
    5.237671852111816,
    5.180943965911865,
    5.243686199188232,
    5.6432929039001465,
    5.477116107940674,
    5.344142436981201,
    5.610311508178711,
    5.56533670425415,
    5.561528205871582,
    6.206585884094238,
    6.097548961639404,
    6.124795913696289,
    5.8816094398498535,
    6.275302410125732,
    5.789263725280762,
    6.364355087280273,
    6.299090385437012,
    6.356502532958984,
    6.248703956604004,
    6.547046661376953,
    6.098361492156982,
    6.831878185272217,
    6.641119956970215,
    6.290502071380615,
    6.937601566314697,
    6.59372615814209,
    6.299034118652344,
    6.437509059906006,
    6.521387100219727,
    6.333866119384766,
    6.571263790130615,
    6.275846481323242,
    6.178871154785156
  ]
}