{
  "GD Oracle": [
    6.692070960998535,
    6.474621772766113,
    5.968953609466553,
    5.820317268371582,
    5.653624534606934,
    5.405830383300781,
    5.302312850952148,
    5.080967426300049,
    5.026912212371826,
    4.906913757324219,
    4.776729106903076,
    4.730646133422852,
    4.635369777679443,
    4.5459184646606445,
    4.493324279785156,
    4.437775611877441,
    4.448065757751465,
    4.326332092285156,
    4.321585178375244,
    4.337888717651367,
    4.2674641609191895,
    4.231773376464844,
    4.25079345703125,
    4.19915246963501,
    4.208907604217529,
    4.1813883781433105,
    4.154972553253174,
    4.166044235229492,
    4.151758670806885,
    4.154272079467773,
    4.107022762298584,
    4.1028733253479,
    4.092381000518799,
    4.086352825164795,
    4.075992584228516,
    4.06381368637085,
    4.0744805335998535,
    4.082771301269531,
    4.066543102264404
  ],
  "True Oracle": [
    3.8714537620544434,
    3.880215644836426,
    3.8614859580993652,
    3.887254238128662,
    3.878455400466919,
    3.879110097885132,
    3.8903679847717285,
    3.874643325805664,
    3.9054484367370605,
    3.9068045616149902,
    3.884347915649414,
    3.900499105453491,
    3.9038944244384766,
    3.877894878387451,
    3.8821756839752197,
    3.8675615787506104,
    3.915278911590576,
    3.8751842975616455,
    3.8772921562194824,
    3.903789758682251,
    3.867344379425049,
    3.878314256668091,
    3.894906520843506,
    3.8787074089050293,
    3.8973333835601807,
    3.8670401573181152,
    3.87859845161438,
    3.9013900756835938,
    3.8972713947296143,
    3.898172616958618,
    3.8751578330993652,
    3.8745033740997314,
    3.879744529724121,
    3.8903651237487793,
    3.8848154544830322,
    3.8759779930114746,
    3.894993305206299,
    3.908127546310425,
    3.8890647888183594
  ],
  "Joint (r=1.2)": [
    7.451113700866699,
    6.741971492767334,
    6.492591381072998,
    6.493384838104248,
    6.469109058380127,
    6.581516265869141,
    6.390623092651367,
    6.5724945068359375,
    6.537067890167236,
    6.578406810760498,
    6.5567240715026855,
    6.450672626495361,
    6.567763805389404,
    6.611949920654297,
    6.565373420715332,
    6.534942626953125,
    6.621759414672852,
    6.676149845123291,
    6.638082504272461,
    6.6585187911987305,
    6.779038906097412,
    6.749805927276611,
    6.678153038024902,
    6.807912349700928,
    6.835221767425537,
    6.816465377807617,
    6.916701316833496,
    6.965140342712402,
    6.920986652374268,
    6.980804443359375,
    7.087674617767334,
    7.015034198760986,
    6.9114990234375,
    7.113170146942139,
    7.114534378051758,
    7.051913261413574,
    7.104868412017822,
    7.106082439422607,
    7.190016269683838,
    7.142248153686523
  ],
  "Joint (r=2.5)": [
    6.55790376663208,
    6.237270355224609,
    6.195868015289307,
    6.183013916015625,
    6.390135288238525,
    6.528975009918213,
    6.45316219329834,
    6.422260284423828,
    6.421142578125,
    6.552838325500488,
    6.5656867027282715,
    6.435898303985596,
    6.421961784362793,
    6.50050163269043,
    6.297545433044434,
    6.2003703117370605,
    6.167588233947754,
    6.10680627822876,
    6.032004356384277,
    6.022218704223633,
    6.032693386077881,
    5.854048728942871,
    5.857134819030762,
    5.853740692138672,
    5.703537464141846,
    5.79429292678833,
    5.7996296882629395,
    5.70595121383667,
    5.67701530456543,
    5.6321916580200195,
    5.62172794342041,
    5.599944591522217,
    5.5949625968933105,
    5.52761697769165,
    5.490311622619629,
    5.537449836730957,
    5.516846179962158,
    5.464151382446289,
    5.529759883880615,
    5.497152805328369
  ],
  "Joint (r=5.0)": [
    6.1178202629089355,
    6.051537036895752,
    5.878274917602539,
    5.5931501388549805,
    5.54081916809082,
    5.364490032196045,
    5.1933512687683105,
    5.118646621704102,
    4.960795879364014,
    4.918931484222412,
    4.827672481536865,
    4.746759414672852,
    4.698643207550049,
    4.607268810272217,
    4.5521240234375,
    4.504112720489502,
    4.458100318908691,
    4.45494270324707,
    4.362826347351074,
    4.3590407371521,
    4.351949214935303,
    4.3019328117370605,
    4.271416664123535,
    4.2824602127075195,
    4.231316089630127,
    4.2463154792785645,
    4.218949317932129,
    4.189119338989258,
    4.199525833129883,
    4.191637992858887,
    4.194203853607178,
    4.145890235900879,
    4.144617080688477,
    4.128489017486572,
    4.130425930023193,
    4.108029365539551,
    4.107051372528076,
    4.107977390289307,
    4.121273517608643,
    4.104389190673828
  ]
}