{
  "transformer": [
    2.315074920654297,
    2.226466655731201,
    2.074409246444702,
    2.14458966255188,
    2.066810131072998,
    2.0740773677825928,
    1.9644920825958252,
    1.9430580139160156,
    1.8744583129882812,
    1.891951084136963,
    1.9377974271774292,
    1.83060622215271,
    1.8057116270065308,
    1.829005241394043,
    1.8092975616455078,
    1.7671054601669312,
    1.7503191232681274,
    1.751548171043396,
    1.7307429313659668,
    1.6997092962265015,
    1.7069401741027832,
    1.6900923252105713,
    1.664424180984497,
    1.6377174854278564,
    1.6109791994094849,
    1.6308438777923584,
    1.6155649423599243,
    1.5856263637542725,
    1.6030045747756958,
    1.5879714488983154,
    1.6087409257888794,
    1.6011550426483154,
    1.5807265043258667,
    1.5779712200164795,
    1.5322251319885254,
    1.5343153476715088,
    1.549122929573059,
    1.5252560377120972,
    1.5412921905517578,
    1.550957441329956
  ],
  "gd_oracle": [
    2.4428417682647705,
    2.2356412410736084,
    2.3263611793518066,
    2.2205810546875,
    2.2167484760284424,
    2.0831615924835205,
    2.0446412563323975,
    1.9782198667526245,
    1.985028624534607,
    2.0582592487335205,
    1.8925347328186035,
    1.8714789152145386,
    1.905626893043518,
    1.892674207687378,
    1.8243904113769531,
    1.7891050577163696,
    1.7978737354278564,
    1.7611161470413208,
    1.7270052433013916,
    1.7392001152038574,
    1.7235089540481567,
    1.7015081644058228,
    1.6583983898162842,
    1.6179999113082886,
    1.6376672983169556,
    1.6255130767822266,
    1.5886142253875732,
    1.6137970685958862,
    1.5905386209487915,
    1.615865707397461,
    1.6135685443878174,
    1.5787662267684937,
    1.581214427947998,
    1.5300556421279907,
    1.5260974168777466,
    1.5395419597625732,
    1.5167782306671143,
    1.5329017639160156,
    1.5329697132110596
  ],
  "true_oracle": [
    1.3379579782485962,
    1.3133032321929932,
    1.3197875022888184,
    1.3102412223815918,
    1.3145670890808105,
    1.3100345134735107,
    1.3177303075790405,
    1.3122721910476685,
    1.319169282913208,
    1.320841908454895,
    1.3163864612579346,
    1.323578119277954,
    1.318345308303833,
    1.3382925987243652,
    1.3135432004928589,
    1.3161884546279907,
    1.329295039176941,
    1.3136759996414185,
    1.3195688724517822,
    1.3325765132904053,
    1.3218551874160767,
    1.3300421237945557,
    1.3172894716262817,
    1.305903673171997,
    1.3168052434921265,
    1.323976755142212,
    1.308780312538147,
    1.3383712768554688,
    1.318794846534729,
    1.3252384662628174,
    1.3445115089416504,
    1.3231991529464722,
    1.3279738426208496,
    1.317683458328247,
    1.305701494216919,
    1.3257182836532593,
    1.3040156364440918,
    1.3209409713745117,
    1.3302958011627197
  ],
  "naive": [
    8.66018295288086,
    4.802612781524658,
    3.5043420791625977,
    2.9296631813049316,
    2.8457398414611816,
    2.6186301708221436,
    2.5120973587036133,
    2.4170758724212646,
    2.4544565677642822,
    2.5049705505371094,
    2.4079275131225586,
    2.3691961765289307,
    2.417494058609009,
    2.469681739807129,
    2.3935961723327637,
    2.3361411094665527,
    2.3960604667663574,
    2.3380024433135986,
    2.2888243198394775,
    2.3327133655548096,
    2.4749202728271484,
    2.3506734371185303,
    2.3426811695098877,
    2.3196752071380615,
    2.26336932182312,
    2.316821575164795,
    2.2446787357330322,
    2.2732155323028564,
    2.3720169067382812,
    2.431394100189209,
    2.3807873725891113,
    2.350806951522827,
    2.376350164413452,
    2.227531909942627,
    2.303377151489258,
    2.356386661529541,
    2.3029048442840576,
    2.3021788597106934,
    2.260457992553711
  ]
}