{
  "transformer": [
    2.103404998779297,
    2.0805115699768066,
    2.0825791358947754,
    2.0745818614959717,
    2.034802198410034,
    2.077624797821045,
    2.006991386413574,
    2.007838249206543,
    2.038363456726074,
    2.006401300430298,
    2.007294178009033,
    2.022066831588745,
    1.961930751800537,
    1.9810538291931152,
    1.9542509317398071,
    1.9530984163284302,
    1.9872499704360962,
    1.9482520818710327,
    1.9255421161651611,
    1.9368512630462646,
    1.9411858320236206,
    1.9173330068588257,
    1.9492417573928833,
    1.9416345357894897,
    1.8882216215133667,
    1.9114364385604858,
    1.9031567573547363,
    1.8789077997207642,
    1.909587025642395,
    1.9047738313674927,
    1.880256175994873,
    1.888104796409607,
    1.8649593591690063,
    1.8840855360031128,
    1.8736441135406494,
    1.8626753091812134,
    1.8698768615722656,
    1.8762693405151367,
    1.8653709888458252,
    1.8665812015533447
  ],
  "gd_oracle": [
    2.1964287757873535,
    2.2068238258361816,
    2.18888783454895,
    2.1218576431274414,
    2.209503650665283,
    2.079272985458374,
    2.0866241455078125,
    2.1323328018188477,
    2.077228546142578,
    2.0930163860321045,
    2.1079719066619873,
    2.0093202590942383,
    2.029906988143921,
    1.993880033493042,
    1.9884741306304932,
    2.0298960208892822,
    1.9866821765899658,
    1.9539324045181274,
    1.9649533033370972,
    1.976930022239685,
    1.9442921876907349,
    1.995785117149353,
    1.9706884622573853,
    1.9081956148147583,
    1.928472638130188,
    1.921381950378418,
    1.893355369567871,
    1.931442141532898,
    1.9226974248886108,
    1.8907749652862549,
    1.9027972221374512,
    1.8745313882827759,
    1.8948131799697876,
    1.876158595085144,
    1.8641088008880615,
    1.8780457973480225,
    1.8872652053833008,
    1.8717013597488403,
    1.8715003728866577
  ],
  "true_oracle": [
    1.7217682600021362,
    1.7353124618530273,
    1.7384319305419922,
    1.7196550369262695,
    1.7490488290786743,
    1.7180213928222656,
    1.7085741758346558,
    1.7261179685592651,
    1.7293781042099,
    1.7336280345916748,
    1.7553898096084595,
    1.740423560142517,
    1.7459675073623657,
    1.7308722734451294,
    1.7254968881607056,
    1.7468960285186768,
    1.7373112440109253,
    1.7264456748962402,
    1.7246171236038208,
    1.7509124279022217,
    1.7290948629379272,
    1.7400786876678467,
    1.74873685836792,
    1.7215687036514282,
    1.7335420846939087,
    1.7359868288040161,
    1.712571382522583,
    1.744462490081787,
    1.7385661602020264,
    1.7242273092269897,
    1.7374839782714844,
    1.7235890626907349,
    1.7285722494125366,
    1.7377054691314697,
    1.7278578281402588,
    1.7324436902999878,
    1.7412941455841064,
    1.7260116338729858,
    1.7369914054870605
  ],
  "naive": [
    13.270295143127441,
    8.170783996582031,
    6.304691791534424,
    5.002613544464111,
    5.0643696784973145,
    4.246102333068848,
    4.160778045654297,
    4.539093971252441,
    4.092679977416992,
    4.287881851196289,
    4.429492950439453,
    3.718128204345703,
    3.8559062480926514,
    3.729546070098877,
    3.829587459564209,
    4.019374847412109,
    3.960610866546631,
    3.6795735359191895,
    3.801072597503662,
    3.6802914142608643,
    3.6055402755737305,
    4.1659369468688965,
    3.9033868312835693,
    3.5088324546813965,
    3.7061352729797363,
    3.8202788829803467,
    3.9767227172851562,
    3.7142980098724365,
    3.748624324798584,
    3.6168253421783447,
    3.704228162765503,
    3.596466302871704,
    3.875962495803833,
    3.6703858375549316,
    3.677993059158325,
    3.6547913551330566,
    3.7462332248687744,
    3.62318754196167,
    3.9739367961883545
  ]
}