{
  "GD Oracle": [
    2.4313113689422607,
    2.4182980060577393,
    2.188143491744995,
    2.2231202125549316,
    2.1741673946380615,
    2.187129020690918,
    2.2337117195129395,
    2.066343307495117,
    2.106473684310913,
    1.9572105407714844,
    1.8930171728134155,
    1.9353444576263428,
    1.8816717863082886,
    1.8844367265701294,
    1.8484805822372437,
    1.810900330543518,
    1.7948130369186401,
    1.7732023000717163,
    1.7182379961013794,
    1.7118171453475952,
    1.6739015579223633,
    1.6907964944839478,
    1.6128573417663574,
    1.6527683734893799,
    1.6539411544799805,
    1.6068828105926514,
    1.6364907026290894,
    1.6078335046768188,
    1.5891937017440796,
    1.567671298980713,
    1.5641849040985107,
    1.5755772590637207,
    1.5675005912780762,
    1.5432929992675781,
    1.5683737993240356,
    1.5250496864318848,
    1.5290123224258423,
    1.5376863479614258,
    1.4941396713256836
  ],
  "True Oracle": [
    1.312388300895691,
    1.320807695388794,
    1.3073500394821167,
    1.3225454092025757,
    1.3125677108764648,
    1.3203507661819458,
    1.3406389951705933,
    1.3255330324172974,
    1.3062456846237183,
    1.3174207210540771,
    1.2973376512527466,
    1.3106017112731934,
    1.3086225986480713,
    1.3244540691375732,
    1.322709321975708,
    1.3121143579483032,
    1.3260492086410522,
    1.3306394815444946,
    1.3114986419677734,
    1.3200316429138184,
    1.3162033557891846,
    1.3202944993972778,
    1.304965853691101,
    1.3286123275756836,
    1.3239411115646362,
    1.315102219581604,
    1.318981647491455,
    1.327231526374817,
    1.3094677925109863,
    1.3161119222640991,
    1.321163535118103,
    1.313674807548523,
    1.3230754137039185,
    1.316221833229065,
    1.336315631866455,
    1.3189860582351685,
    1.3228349685668945,
    1.3335481882095337,
    1.321510672569275
  ],
  "Poisson": [
    2.2910664081573486,
    2.215993881225586,
    2.2097058296203613,
    2.0453505516052246,
    2.054645538330078,
    2.0304582118988037,
    2.0449557304382324,
    2.0835533142089844,
    1.9419068098068237,
    1.9825458526611328,
    1.871319055557251,
    1.826185941696167,
    1.8587983846664429,
    1.8205337524414062,
    1.8132460117340088,
    1.7897493839263916,
    1.750986099243164,
    1.7504088878631592,
    1.7314116954803467,
    1.6913191080093384,
    1.690673828125,
    1.6574218273162842,
    1.6652679443359375,
    1.6083587408065796,
    1.633952260017395,
    1.6348639726638794,
    1.5991132259368896,
    1.6288936138153076,
    1.601255178451538,
    1.5798102617263794,
    1.5629538297653198,
    1.5689178705215454,
    1.5778690576553345,
    1.5672515630722046,
    1.5474958419799805,
    1.5698374509811401,
    1.529617190361023,
    1.5326814651489258,
    1.5388362407684326,
    1.5127489566802979
  ],
  "Negative Binomial (r=1.2)": [
    3.184187412261963,
    3.100829839706421,
    3.2085273265838623,
    3.0024540424346924,
    3.2572760581970215,
    3.218838691711426,
    3.354407787322998,
    3.5279366970062256,
    3.386765480041504,
    3.5857982635498047,
    3.38728666305542,
    3.379628896713257,
    3.4438772201538086,
    3.5208959579467773,
    3.5273303985595703,
    3.596658229827881,
    3.7266013622283936,
    3.7476351261138916,
    3.6393015384674072,
    3.603149175643921,
    3.5106658935546875,
    3.6273062229156494,
    3.7860257625579834,
    3.5951452255249023,
    3.637483596801758,
    3.9600613117218018,
    3.7870445251464844,
    4.08413028717041,
    3.9347832202911377,
    3.975010395050049,
    3.7230706214904785,
    3.808076858520508,
    3.9992921352386475,
    4.011432647705078,
    3.973888874053955,
    4.016362190246582,
    3.700192928314209,
    4.006936073303223,
    4.155989646911621,
    3.978809356689453
  ],
  "Negative Binomial (r=2.5)": [
    3.083004951477051,
    3.0823814868927,
    3.172231435775757,
    2.971985340118408,
    3.19594669342041,
    3.179084062576294,
    3.3182432651519775,
    3.4658937454223633,
    3.3443615436553955,
    3.558724880218506,
    3.3287949562072754,
    3.325735569000244,
    3.449326515197754,
    3.456876754760742,
    3.509322166442871,
    3.5375256538391113,
    3.5988662242889404,
    3.628809690475464,
    3.5292234420776367,
    3.459888219833374,
    3.3836374282836914,
    3.4506781101226807,
    3.618387460708618,
    3.404968738555908,
    3.4379284381866455,
    3.7114553451538086,
    3.531116247177124,
    3.7789740562438965,
    3.5881919860839844,
    3.6391565799713135,
    3.417224168777466,
    3.4741384983062744,
    3.6189026832580566,
    3.613359212875366,
    3.5523123741149902,
    3.5938069820404053,
    3.3088154792785645,
    3.542746067047119,
    3.6480443477630615,
    3.485187530517578
  ],
  "Negative\nBinomial (r=5.0)": [
    3.1341609954833984,
    3.042581558227539,
    3.139397621154785,
    2.967384099960327,
    3.221067190170288,
    3.2761054039001465,
    3.4441335201263428,
    3.6267545223236084,
    3.55230975151062,
    3.7642312049865723,
    3.522083044052124,
    3.5360307693481445,
    3.736992597579956,
    3.6954643726348877,
    3.7785017490386963,
    3.7275147438049316,
    3.7827234268188477,
    3.8204140663146973,
    3.7156381607055664,
    3.6513500213623047,
    3.5536506175994873,
    3.591393232345581,
    3.7219624519348145,
    3.5006260871887207,
    3.559032678604126,
    3.7916362285614014,
    3.5804569721221924,
    3.7959890365600586,
    3.6073811054229736,
    3.671644449234009,
    3.443730354309082,
    3.4749257564544678,
    3.6269326210021973,
    3.588639736175537,
    3.5721771717071533,
    3.578352928161621,
    3.31404447555542,
    3.5584630966186523,
    3.6096205711364746,
    3.404993772506714
  ]
}