{
  "transformer": [
    2.364703893661499,
    2.46203351020813,
    2.349074602127075,
    2.2475857734680176,
    2.419175863265991,
    2.319845199584961,
    2.2429845333099365,
    2.302440643310547,
    2.231720209121704,
    2.141167640686035,
    2.1756184101104736,
    2.2696571350097656,
    2.106340169906616,
    2.1173019409179688,
    1.992540955543518,
    2.062260866165161,
    2.1596405506134033,
    2.0408730506896973,
    2.0075912475585938,
    2.000410556793213,
    2.0423808097839355,
    2.021944046020508,
    2.093106508255005,
    2.0772666931152344,
    2.030362844467163,
    2.029907464981079,
    2.0535130500793457,
    1.9896835088729858,
    2.0187504291534424,
    2.0453057289123535,
    2.0000593662261963,
    2.040361166000366,
    2.05536150932312,
    2.034677267074585,
    2.013455390930176,
    1.9692085981369019,
    1.961291790008545,
    1.946433186531067,
    1.9680331945419312,
    1.9537602663040161
  ],
  "gd_oracle": [
    2.50331449508667,
    2.3530514240264893,
    2.222844123840332,
    2.358623743057251,
    2.1886963844299316,
    2.1426563262939453,
    2.20280385017395,
    2.0665054321289062,
    1.997331142425537,
    2.014540910720825,
    2.051316022872925,
    1.8991565704345703,
    1.8719736337661743,
    1.801213026046753,
    1.8310813903808594,
    1.8434897661209106,
    1.767263412475586,
    1.7519124746322632,
    1.7348477840423584,
    1.7267051935195923,
    1.6966605186462402,
    1.6933478116989136,
    1.6872081756591797,
    1.6596136093139648,
    1.6382949352264404,
    1.6265820264816284,
    1.601247787475586,
    1.5874255895614624,
    1.6220152378082275,
    1.6080635786056519,
    1.5675936937332153,
    1.5767531394958496,
    1.5807197093963623,
    1.5528326034545898,
    1.5420118570327759,
    1.524933934211731,
    1.5287673473358154,
    1.5264041423797607,
    1.4975402355194092
  ],
  "true_oracle": [
    1.3313560485839844,
    1.3176567554473877,
    1.3029850721359253,
    1.3208435773849487,
    1.3271552324295044,
    1.321134328842163,
    1.3295267820358276,
    1.3280835151672363,
    1.3140976428985596,
    1.3125132322311401,
    1.3165873289108276,
    1.3054040670394897,
    1.3107621669769287,
    1.3156616687774658,
    1.3233370780944824,
    1.30595862865448,
    1.3176487684249878,
    1.318321943283081,
    1.3278998136520386,
    1.3114932775497437,
    1.3237687349319458,
    1.3242733478546143,
    1.3141292333602905,
    1.3135613203048706,
    1.333189845085144,
    1.3083070516586304,
    1.316178798675537,
    1.3082139492034912,
    1.3433619737625122,
    1.3276238441467285,
    1.319642186164856,
    1.3157904148101807,
    1.3337608575820923,
    1.3213986158370972,
    1.3285539150238037,
    1.3348805904388428,
    1.3337057828903198,
    1.3397752046585083,
    1.3137352466583252
  ],
  "naive": [
    8.588730812072754,
    4.881751537322998,
    3.5320703983306885,
    3.136324167251587,
    2.746351480484009,
    2.6018500328063965,
    2.6921262741088867,
    2.53857159614563,
    2.4621500968933105,
    2.489319086074829,
    2.609591007232666,
    2.4461374282836914,
    2.4164013862609863,
    2.3022048473358154,
    2.3845832347869873,
    2.4605472087860107,
    2.369575023651123,
    2.322822332382202,
    2.347707748413086,
    2.412738561630249,
    2.357255458831787,
    2.4233930110931396,
    2.3811213970184326,
    2.353628158569336,
    2.3637678623199463,
    2.389005661010742,
    2.306095600128174,
    2.3128159046173096,
    2.3282864093780518,
    2.373833656311035,
    2.378873109817505,
    2.370105504989624,
    2.399956226348877,
    2.3787503242492676,
    2.284271717071533,
    2.295990228652954,
    2.2851264476776123,
    2.3224356174468994,
    2.316495418548584
  ]
}