{
  "transformer": [
    3.8227760791778564,
    3.7173209190368652,
    3.687058448791504,
    3.653097152709961,
    3.6175014972686768,
    3.5486531257629395,
    3.5384109020233154,
    3.486279249191284,
    3.4506678581237793,
    3.3719873428344727,
    3.378506898880005,
    3.3481531143188477,
    3.292922258377075,
    3.3023476600646973,
    3.248661518096924,
    3.226316213607788,
    3.2070693969726562,
    3.198359966278076,
    3.186129331588745,
    3.1859936714172363,
    3.1381094455718994,
    3.1466064453125,
    3.1281847953796387,
    3.1213150024414062,
    3.1182804107666016,
    3.132559299468994,
    3.114288806915283,
    3.077289342880249,
    3.0805788040161133,
    3.074470043182373,
    3.065589666366577,
    3.066891670227051,
    3.04974102973938,
    3.002197265625,
    3.0036137104034424,
    3.0134756565093994,
    3.0560717582702637,
    3.0066616535186768,
    3.025961399078369,
    3.0014185905456543
  ],
  "gd_oracle": [
    3.9871604442596436,
    3.972302198410034,
    3.8941802978515625,
    3.8548460006713867,
    3.7273221015930176,
    3.7419638633728027,
    3.649535894393921,
    3.5889971256256104,
    3.472478151321411,
    3.4781854152679443,
    3.434724807739258,
    3.350984573364258,
    3.363069534301758,
    3.299760103225708,
    3.2582263946533203,
    3.2389721870422363,
    3.2238826751708984,
    3.217801094055176,
    3.2173702716827393,
    3.152269124984741,
    3.1655349731445312,
    3.1458017826080322,
    3.1403675079345703,
    3.1316232681274414,
    3.1476428508758545,
    3.124399423599243,
    3.0865113735198975,
    3.0833652019500732,
    3.083160400390625,
    3.0678420066833496,
    3.0720417499542236,
    3.047006845474243,
    2.9988901615142822,
    3.0045180320739746,
    3.0089612007141113,
    3.049982786178589,
    2.9994208812713623,
    3.0247628688812256,
    2.990271806716919
  ],
  "true_oracle": [
    2.8383963108062744,
    2.854008913040161,
    2.8575122356414795,
    2.85198712348938,
    2.8349804878234863,
    2.861417293548584,
    2.8532402515411377,
    2.8480632305145264,
    2.8278510570526123,
    2.848848342895508,
    2.829868793487549,
    2.8295681476593018,
    2.8416152000427246,
    2.820495128631592,
    2.8343052864074707,
    2.853764295578003,
    2.836437702178955,
    2.8287746906280518,
    2.842909097671509,
    2.8294267654418945,
    2.840796709060669,
    2.8351924419403076,
    2.8484244346618652,
    2.852742910385132,
    2.8560285568237305,
    2.862882375717163,
    2.8468470573425293,
    2.8535988330841064,
    2.838876962661743,
    2.8551783561706543,
    2.8485612869262695,
    2.846968173980713,
    2.8180124759674072,
    2.8253934383392334,
    2.8270158767700195,
    2.8608784675598145,
    2.828472137451172,
    2.8461174964904785,
    2.8340401649475098
  ],
  "naive": [
    27.186275482177734,
    16.242698669433594,
    14.092413902282715,
    13.610301971435547,
    12.895228385925293,
    12.870023727416992,
    11.799500465393066,
    12.267078399658203,
    10.997997283935547,
    11.057765007019043,
    11.00013256072998,
    11.160101890563965,
    11.387438774108887,
    11.281035423278809,
    10.743301391601562,
    10.874612808227539,
    10.455737113952637,
    11.650520324707031,
    11.501938819885254,
    10.382540702819824,
    10.488242149353027,
    10.588569641113281,
    10.194467544555664,
    10.757779121398926,
    10.983255386352539,
    11.166966438293457,
    10.504293441772461,
    10.397359848022461,
    10.417875289916992,
    10.138328552246094,
    10.913130760192871,
    10.662972450256348,
    9.992964744567871,
    9.810992240905762,
    10.058457374572754,
    10.996391296386719,
    9.838546752929688,
    10.23354721069336,
    10.314390182495117
  ]
}