{
  "GD Oracle": [
    3.975067377090454,
    4.00258207321167,
    3.928774118423462,
    3.8277952671051025,
    3.7686123847961426,
    3.602024793624878,
    3.5992045402526855,
    3.558306932449341,
    3.504028797149658,
    3.5422909259796143,
    3.4021663665771484,
    3.3470022678375244,
    3.338282823562622,
    3.3088245391845703,
    3.262885093688965,
    3.298021078109741,
    3.261906147003174,
    3.1898858547210693,
    3.1773808002471924,
    3.1606667041778564,
    3.1474695205688477,
    3.1849474906921387,
    3.1096975803375244,
    3.151624917984009,
    3.1061508655548096,
    3.1359667778015137,
    3.052485942840576,
    3.0928163528442383,
    3.1040472984313965,
    3.057509183883667,
    3.0650455951690674,
    3.0834836959838867,
    3.0504894256591797,
    3.0369551181793213,
    3.0388453006744385,
    2.998845100402832,
    3.0220704078674316,
    2.993070602416992,
    2.9906890392303467
  ],
  "True Oracle": [
    2.8393471240997314,
    2.8432693481445312,
    2.8390421867370605,
    2.855661153793335,
    2.8389556407928467,
    2.8325130939483643,
    2.850954532623291,
    2.840850830078125,
    2.8445582389831543,
    2.863283634185791,
    2.823554515838623,
    2.831284999847412,
    2.8539514541625977,
    2.8250367641448975,
    2.8293638229370117,
    2.8637638092041016,
    2.84184193611145,
    2.8263890743255615,
    2.8325765132904053,
    2.842700958251953,
    2.825960874557495,
    2.8651974201202393,
    2.82827091217041,
    2.852293014526367,
    2.8355343341827393,
    2.861248254776001,
    2.8305492401123047,
    2.8553555011749268,
    2.8599421977996826,
    2.8578546047210693,
    2.84671950340271,
    2.8602426052093506,
    2.855515241622925,
    2.8523123264312744,
    2.85701584815979,
    2.8315632343292236,
    2.849794864654541,
    2.8305253982543945,
    2.8377978801727295
  ],
  "Joint (r=1.2, fine-tune NB-1.2 )": [
    4.38978910446167,
    4.159194469451904,
    4.150129795074463,
    4.120462417602539,
    3.962780475616455,
    3.937692880630493,
    3.8188693523406982,
    3.7627310752868652,
    3.748140811920166,
    3.686352252960205,
    3.743797540664673,
    3.673956871032715,
    3.607133388519287,
    3.590142011642456,
    3.5733718872070312,
    3.5350100994110107,
    3.5440831184387207,
    3.519566297531128,
    3.459866762161255,
    3.468470335006714,
    3.456805467605591,
    3.444047451019287,
    3.4641482830047607,
    3.383068561553955,
    3.434100389480591,
    3.349555015563965,
    3.422126531600952,
    3.3013548851013184,
    3.3356897830963135,
    3.325874090194702,
    3.313708543777466,
    3.3540351390838623,
    3.311612367630005,
    3.2946197986602783,
    3.280444383621216,
    3.3075642585754395,
    3.25313401222229,
    3.269066095352173,
    3.2367091178894043,
    3.253208637237549
  ],
  "Joint (r=2.5, fine-tune NB-2.5)": [
    3.9710183143615723,
    3.8773577213287354,
    3.9009976387023926,
    3.8327691555023193,
    3.8201003074645996,
    3.675074577331543,
    3.579209327697754,
    3.5215201377868652,
    3.4985456466674805,
    3.480013608932495,
    3.455824613571167,
    3.337554693222046,
    3.329777240753174,
    3.3064334392547607,
    3.2618134021759033,
    3.229379177093506,
    3.2558157444000244,
    3.2253663539886475,
    3.1726791858673096,
    3.164249897003174,
    3.164856433868408,
    3.1303932666778564,
    3.1620945930480957,
    3.1052944660186768,
    3.1274945735931396,
    3.0907680988311768,
    3.1184167861938477,
    3.049060583114624,
    3.077793598175049,
    3.093590259552002,
    3.0532925128936768,
    3.0612783432006836,
    3.07330060005188,
    3.0470361709594727,
    3.030911922454834,
    3.0397846698760986,
    2.995070219039917,
    3.0194766521453857,
    2.9934871196746826,
    2.9950146675109863
  ],
  "Joint (r=1.2, fine-tune joint-2.5)": [
    4.375349998474121,
    4.168256759643555,
    4.1095452308654785,
    4.058837413787842,
    3.8880116939544678,
    3.863731861114502,
    3.760916233062744,
    3.7486722469329834,
    3.7547380924224854,
    3.651215076446533,
    3.6964428424835205,
    3.6087093353271484,
    3.5727155208587646,
    3.5630359649658203,
    3.528240442276001,
    3.4852616786956787,
    3.4995150566101074,
    3.487149238586426,
    3.3972787857055664,
    3.4126179218292236,
    3.396672248840332,
    3.3784093856811523,
    3.405367851257324,
    3.3110241889953613,
    3.365715503692627,
    3.313483953475952,
    3.3378560543060303,
    3.249922752380371,
    3.2730753421783447,
    3.280656099319458,
    3.2444822788238525,
    3.2603490352630615,
    3.2445971965789795,
    3.2156918048858643,
    3.2159030437469482,
    3.2132608890533447,
    3.1866002082824707,
    3.1984314918518066,
    3.1549019813537598,
    3.1712851524353027
  ]
}