{
  "GD Oracle": [
    2.1964287757873535,
    2.2068238258361816,
    2.18888783454895,
    2.1218576431274414,
    2.209503650665283,
    2.079272985458374,
    2.0866241455078125,
    2.1323328018188477,
    2.077228546142578,
    2.0930163860321045,
    2.1079719066619873,
    2.0093202590942383,
    2.029906988143921,
    1.993880033493042,
    1.9884741306304932,
    2.0298960208892822,
    1.9866821765899658,
    1.9539324045181274,
    1.9649533033370972,
    1.976930022239685,
    1.9442921876907349,
    1.995785117149353,
    1.9706884622573853,
    1.9081956148147583,
    1.928472638130188,
    1.921381950378418,
    1.893355369567871,
    1.931442141532898,
    1.9226974248886108,
    1.8907749652862549,
    1.9027972221374512,
    1.8745313882827759,
    1.8948131799697876,
    1.876158595085144,
    1.8641088008880615,
    1.8780457973480225,
    1.8872652053833008,
    1.8717013597488403,
    1.8715003728866577
  ],
  "True Oracle": [
    1.7217682600021362,
    1.7353124618530273,
    1.7384319305419922,
    1.7196550369262695,
    1.7490488290786743,
    1.7180213928222656,
    1.7085741758346558,
    1.7261179685592651,
    1.7293781042099,
    1.7336280345916748,
    1.7553898096084595,
    1.740423560142517,
    1.7459675073623657,
    1.7308722734451294,
    1.7254968881607056,
    1.7468960285186768,
    1.7373112440109253,
    1.7264456748962402,
    1.7246171236038208,
    1.7509124279022217,
    1.7290948629379272,
    1.7400786876678467,
    1.74873685836792,
    1.7215687036514282,
    1.7335420846939087,
    1.7359868288040161,
    1.712571382522583,
    1.744462490081787,
    1.7385661602020264,
    1.7242273092269897,
    1.7374839782714844,
    1.7235890626907349,
    1.7285722494125366,
    1.7377054691314697,
    1.7278578281402588,
    1.7324436902999878,
    1.7412941455841064,
    1.7260116338729858,
    1.7369914054870605
  ],
  "Joint (r=1.2, fine-tune NB-1.2 )": [
    2.32240891456604,
    2.2903380393981934,
    2.36460542678833,
    2.411975622177124,
    2.312861442565918,
    2.487166404724121,
    2.3581385612487793,
    2.361875534057617,
    2.4608495235443115,
    2.424210786819458,
    2.435788869857788,
    2.4821853637695312,
    2.335188627243042,
    2.3853859901428223,
    2.3477840423583984,
    2.4113330841064453,
    2.4167168140411377,
    2.3898417949676514,
    2.2885961532592773,
    2.313624620437622,
    2.3021888732910156,
    2.272486448287964,
    2.3239474296569824,
    2.3349740505218506,
    2.1784560680389404,
    2.229922294616699,
    2.2322592735290527,
    2.2029967308044434,
    2.1756222248077393,
    2.2077808380126953,
    2.1149210929870605,
    2.1068215370178223,
    2.1253132820129395,
    2.0959722995758057,
    2.0912554264068604,
    2.0610129833221436,
    2.0538573265075684,
    2.132143020629883,
    2.106441020965576,
    2.0631003379821777
  ],
  "Joint (r=2.5, fine-tune NB-2.5)": [
    2.1691997051239014,
    2.224294424057007,
    2.3763890266418457,
    2.547412395477295,
    2.5060691833496094,
    2.801607847213745,
    2.7224268913269043,
    2.7981956005096436,
    3.139260768890381,
    3.059119701385498,
    3.175621271133423,
    3.5623888969421387,
    3.086313009262085,
    3.3236143589019775,
    3.2862539291381836,
    3.500685453414917,
    3.667541265487671,
    3.7038562297821045,
    3.6033577919006348,
    3.6859350204467773,
    3.6427338123321533,
    3.6405084133148193,
    3.935319423675537,
    3.96838116645813,
    3.702324628829956,
    3.9524240493774414,
    4.03339147567749,
    4.282614707946777,
    4.039958477020264,
    4.151271820068359,
    4.008504390716553,
    4.036510467529297,
    4.069091796875,
    4.365854740142822,
    4.140478134155273,
    4.206034183502197,
    4.2432684898376465,
    4.41115140914917,
    4.0891313552856445,
    4.595954418182373
  ],
  "Joint (r=1.2, fine-tune joint-2.5)": [
    2.3173160552978516,
    2.3030173778533936,
    2.3656928539276123,
    2.4069783687591553,
    2.2974109649658203,
    2.461840867996216,
    2.323190927505493,
    2.343308925628662,
    2.400291681289673,
    2.3897433280944824,
    2.381378412246704,
    2.435772180557251,
    2.281510591506958,
    2.332646131515503,
    2.3016419410705566,
    2.355787754058838,
    2.3158042430877686,
    2.310392141342163,
    2.243591070175171,
    2.2659294605255127,
    2.2389636039733887,
    2.1841821670532227,
    2.2487666606903076,
    2.2786731719970703,
    2.1216421127319336,
    2.190011978149414,
    2.1867659091949463,
    2.1292428970336914,
    2.151643991470337,
    2.1565797328948975,
    2.053277015686035,
    2.0590574741363525,
    2.0880320072174072,
    2.0649948120117188,
    2.033492088317871,
    2.0320208072662354,
    2.0739078521728516,
    2.0423812866210938,
    2.0634844303131104,
    2.012471914291382
  ]
}