{
  "transformer": [
    4.057356357574463,
    4.046685695648193,
    3.951279640197754,
    3.7128679752349854,
    3.7760560512542725,
    3.652876853942871,
    3.5977039337158203,
    3.559612512588501,
    3.5557663440704346,
    3.419515609741211,
    3.406238079071045,
    3.380584955215454,
    3.3885562419891357,
    3.314095973968506,
    3.287144422531128,
    3.303504705429077,
    3.272209882736206,
    3.208224058151245,
    3.2167062759399414,
    3.2070088386535645,
    3.1602072715759277,
    3.1595511436462402,
    3.133023738861084,
    3.1418776512145996,
    3.143172264099121,
    3.1344223022460938,
    3.1172356605529785,
    3.0710041522979736,
    3.06587553024292,
    3.0598654747009277,
    3.08536958694458,
    3.068484306335449,
    3.062652826309204,
    3.0412185192108154,
    3.044727087020874,
    3.033848285675049,
    3.026933193206787,
    3.090006113052368,
    3.0397777557373047,
    3.0075361728668213
  ],
  "gd_oracle": [
    4.139007091522217,
    3.9836034774780273,
    3.7639994621276855,
    3.817338228225708,
    3.7053914070129395,
    3.6668529510498047,
    3.595088481903076,
    3.627593994140625,
    3.458899974822998,
    3.4324123859405518,
    3.4034414291381836,
    3.411846399307251,
    3.3472609519958496,
    3.3164312839508057,
    3.3188631534576416,
    3.2948882579803467,
    3.2243783473968506,
    3.226292610168457,
    3.221137523651123,
    3.1774637699127197,
    3.1577248573303223,
    3.1252918243408203,
    3.1397807598114014,
    3.138692855834961,
    3.1316778659820557,
    3.1075010299682617,
    3.0616586208343506,
    3.054276466369629,
    3.0501468181610107,
    3.0733039379119873,
    3.070589542388916,
    3.04331374168396,
    3.0277652740478516,
    3.0258522033691406,
    3.0207109451293945,
    3.0129854679107666,
    3.034492015838623,
    3.02443790435791,
    2.9946508407592773
  ],
  "true_oracle": [
    2.8549692630767822,
    2.842135190963745,
    2.8201980590820312,
    2.8467118740081787,
    2.8318681716918945,
    2.85031795501709,
    2.828961133956909,
    2.8593757152557373,
    2.827240467071533,
    2.842012405395508,
    2.8411173820495605,
    2.8491947650909424,
    2.825544834136963,
    2.833352565765381,
    2.859727144241333,
    2.8403239250183105,
    2.830054998397827,
    2.8469815254211426,
    2.843513250350952,
    2.8407044410705566,
    2.8328065872192383,
    2.8238296508789062,
    2.844733953475952,
    2.85372257232666,
    2.8587162494659424,
    2.8437469005584717,
    2.829514265060425,
    2.825556993484497,
    2.8285584449768066,
    2.8453853130340576,
    2.8493590354919434,
    2.8426871299743652,
    2.8285367488861084,
    2.8470568656921387,
    2.8327863216400146,
    2.8318700790405273,
    2.8521816730499268,
    2.8573033809661865,
    2.842379093170166
  ],
  "naive": [
    30.06441879272461,
    16.741844177246094,
    13.529735565185547,
    13.057927131652832,
    12.835753440856934,
    11.83597183227539,
    11.933038711547852,
    12.134248733520508,
    11.311827659606934,
    10.965083122253418,
    11.767670631408691,
    11.329349517822266,
    11.119937896728516,
    10.77099895477295,
    11.079623222351074,
    10.935517311096191,
    10.37851333618164,
    11.592001914978027,
    11.259432792663574,
    10.848957061767578,
    10.426349639892578,
    11.113603591918945,
    10.802070617675781,
    10.914518356323242,
    10.285798072814941,
    11.290117263793945,
    10.383584022521973,
    9.982121467590332,
    10.990070343017578,
    10.879034996032715,
    10.75971794128418,
    10.776944160461426,
    10.03515911102295,
    9.812841415405273,
    10.43173599243164,
    10.405722618103027,
    10.882814407348633,
    10.230289459228516,
    10.76059341430664
  ]
}