{
  "transformer": [
    2.570927619934082,
    2.5014402866363525,
    2.4152843952178955,
    2.315337896347046,
    2.2368550300598145,
    2.1049411296844482,
    2.1027700901031494,
    2.026435613632202,
    2.0581552982330322,
    1.9636054039001465,
    1.9497826099395752,
    1.9413518905639648,
    1.819117546081543,
    1.827123761177063,
    1.7858881950378418,
    1.7590888738632202,
    1.7880526781082153,
    1.734053134918213,
    1.7762372493743896,
    1.7274280786514282,
    1.7345960140228271,
    1.6945066452026367,
    1.7069734334945679,
    1.6520823240280151,
    1.6446971893310547,
    1.635266900062561,
    1.638477087020874,
    1.6249052286148071,
    1.6102651357650757,
    1.6175748109817505,
    1.6117966175079346,
    1.559097409248352,
    1.6028923988342285,
    1.5883777141571045,
    1.536262035369873,
    1.5752977132797241,
    1.551457166671753,
    1.5357434749603271,
    1.5455684661865234,
    1.519040822982788
  ],
  "gd_oracle": [
    2.4448320865631104,
    2.4340691566467285,
    2.322058916091919,
    2.296964406967163,
    2.165884017944336,
    2.142146348953247,
    2.0756478309631348,
    2.110583782196045,
    2.0661609172821045,
    1.979155421257019,
    2.0342140197753906,
    1.8686950206756592,
    1.876526951789856,
    1.8252311944961548,
    1.7985183000564575,
    1.82060968875885,
    1.751766324043274,
    1.810320496559143,
    1.7592352628707886,
    1.766565203666687,
    1.7121481895446777,
    1.7252413034439087,
    1.656471848487854,
    1.6528788805007935,
    1.6412360668182373,
    1.6409903764724731,
    1.6221086978912354,
    1.6067677736282349,
    1.6119235754013062,
    1.5959019660949707,
    1.539711833000183,
    1.5956346988677979,
    1.5778727531433105,
    1.5219662189483643,
    1.5553749799728394,
    1.5349677801132202,
    1.5189554691314697,
    1.5335791110992432,
    1.4978586435317993
  ],
  "true_oracle": [
    1.325693130493164,
    1.325034737586975,
    1.320466160774231,
    1.324515461921692,
    1.308242917060852,
    1.3151558637619019,
    1.3034191131591797,
    1.310861587524414,
    1.3229374885559082,
    1.3324428796768188,
    1.3347845077514648,
    1.3143341541290283,
    1.3197702169418335,
    1.3289536237716675,
    1.3094556331634521,
    1.3232535123825073,
    1.3249458074569702,
    1.3287171125411987,
    1.3200825452804565,
    1.3189094066619873,
    1.3137575387954712,
    1.3191936016082764,
    1.3084821701049805,
    1.3252921104431152,
    1.3225626945495605,
    1.3226245641708374,
    1.320982813835144,
    1.3258702754974365,
    1.3106322288513184,
    1.3254082202911377,
    1.3002865314483643,
    1.3266552686691284,
    1.324406385421753,
    1.3128188848495483,
    1.3395540714263916,
    1.317090392112732,
    1.30976402759552,
    1.3161801099777222,
    1.3168224096298218
  ],
  "naive": [
    8.379463195800781,
    5.111640453338623,
    3.6921825408935547,
    3.0474770069122314,
    2.7551350593566895,
    2.629946708679199,
    2.5689921379089355,
    2.564836025238037,
    2.517117500305176,
    2.4649553298950195,
    2.5134947299957275,
    2.421320915222168,
    2.43835711479187,
    2.3974812030792236,
    2.3656649589538574,
    2.440420627593994,
    2.3821792602539062,
    2.409541130065918,
    2.390514612197876,
    2.4397597312927246,
    2.3875796794891357,
    2.4172050952911377,
    2.323622703552246,
    2.3472397327423096,
    2.3334734439849854,
    2.398266315460205,
    2.343797206878662,
    2.387108087539673,
    2.401674509048462,
    2.3147995471954346,
    2.270906448364258,
    2.3524715900421143,
    2.4147794246673584,
    2.227736234664917,
    2.347768545150757,
    2.31105637550354,
    2.322249174118042,
    2.375840187072754,
    2.2595441341400146
  ]
}