{
  "GD Oracle": [
    2.4313113689422607,
    2.4182980060577393,
    2.188143491744995,
    2.2231202125549316,
    2.1741673946380615,
    2.187129020690918,
    2.2337117195129395,
    2.066343307495117,
    2.106473684310913,
    1.9572105407714844,
    1.8930171728134155,
    1.9353444576263428,
    1.8816717863082886,
    1.8844367265701294,
    1.8484805822372437,
    1.810900330543518,
    1.7948130369186401,
    1.7732023000717163,
    1.7182379961013794,
    1.7118171453475952,
    1.6739015579223633,
    1.6907964944839478,
    1.6128573417663574,
    1.6527683734893799,
    1.6539411544799805,
    1.6068828105926514,
    1.6364907026290894,
    1.6078335046768188,
    1.5891937017440796,
    1.567671298980713,
    1.5641849040985107,
    1.5755772590637207,
    1.5675005912780762,
    1.5432929992675781,
    1.5683737993240356,
    1.5250496864318848,
    1.5290123224258423,
    1.5376863479614258,
    1.4941396713256836
  ],
  "True Oracle": [
    1.312388300895691,
    1.320807695388794,
    1.3073500394821167,
    1.3225454092025757,
    1.3125677108764648,
    1.3203507661819458,
    1.3406389951705933,
    1.3255330324172974,
    1.3062456846237183,
    1.3174207210540771,
    1.2973376512527466,
    1.3106017112731934,
    1.3086225986480713,
    1.3244540691375732,
    1.322709321975708,
    1.3121143579483032,
    1.3260492086410522,
    1.3306394815444946,
    1.3114986419677734,
    1.3200316429138184,
    1.3162033557891846,
    1.3202944993972778,
    1.304965853691101,
    1.3286123275756836,
    1.3239411115646362,
    1.315102219581604,
    1.318981647491455,
    1.327231526374817,
    1.3094677925109863,
    1.3161119222640991,
    1.321163535118103,
    1.313674807548523,
    1.3230754137039185,
    1.316221833229065,
    1.336315631866455,
    1.3189860582351685,
    1.3228349685668945,
    1.3335481882095337,
    1.321510672569275
  ],
  "Joint (r=1.2, fine-tune NB-1.2 )": [
    2.4424874782562256,
    2.396212339401245,
    2.404561758041382,
    2.204749584197998,
    2.2601451873779297,
    2.2195355892181396,
    2.23643159866333,
    2.2921650409698486,
    2.154219388961792,
    2.2068538665771484,
    2.065127372741699,
    2.0054869651794434,
    2.040679931640625,
    2.0244858264923096,
    1.9692071676254272,
    1.9769657850265503,
    1.9275273084640503,
    1.9375053644180298,
    1.90360426902771,
    1.8352769613265991,
    1.8173913955688477,
    1.8323966264724731,
    1.8082808256149292,
    1.7344632148742676,
    1.7419259548187256,
    1.7847198247909546,
    1.726375699043274,
    1.81790030002594,
    1.7650569677352905,
    1.7342151403427124,
    1.706546664237976,
    1.6779348850250244,
    1.6816284656524658,
    1.6898958683013916,
    1.6622201204299927,
    1.701885461807251,
    1.6182987689971924,
    1.6333396434783936,
    1.6356669664382935,
    1.5954676866531372
  ],
  "Joint (r=2.5, fine-tune NB-2.5)": [
    2.6859617233276367,
    2.5094339847564697,
    2.412628173828125,
    2.1736440658569336,
    2.174516201019287,
    2.128390073776245,
    2.1067357063293457,
    2.1243460178375244,
    1.9727145433425903,
    1.9908065795898438,
    1.892745018005371,
    1.8362876176834106,
    1.8719011545181274,
    1.815617322921753,
    1.8053761720657349,
    1.7920567989349365,
    1.7570104598999023,
    1.750800371170044,
    1.7272436618804932,
    1.680327296257019,
    1.6861000061035156,
    1.6537144184112549,
    1.663733720779419,
    1.5997288227081299,
    1.6286962032318115,
    1.6324466466903687,
    1.5927832126617432,
    1.6215204000473022,
    1.5908797979354858,
    1.5782493352890015,
    1.556121587753296,
    1.5604982376098633,
    1.5695834159851074,
    1.5646649599075317,
    1.5440285205841064,
    1.5626944303512573,
    1.5227553844451904,
    1.5245226621627808,
    1.533130407333374,
    1.4991793632507324
  ],
  "Joint (r=1.2, fine-tune joint-2.5)": [
    2.4467365741729736,
    2.383007287979126,
    2.3925437927246094,
    2.203969955444336,
    2.2743964195251465,
    2.2391300201416016,
    2.2540321350097656,
    2.315816879272461,
    2.1777849197387695,
    2.2391281127929688,
    2.0974059104919434,
    2.031785488128662,
    2.086606979370117,
    2.080761671066284,
    1.9990266561508179,
    2.0238349437713623,
    1.9590260982513428,
    1.96506929397583,
    1.9305105209350586,
    1.8449708223342896,
    1.8443292379379272,
    1.843874216079712,
    1.8118659257888794,
    1.7453773021697998,
    1.7706265449523926,
    1.8358592987060547,
    1.7651768922805786,
    1.8487457036972046,
    1.788540005683899,
    1.7462100982666016,
    1.6865400075912476,
    1.6842647790908813,
    1.6746031045913696,
    1.6815210580825806,
    1.631963849067688,
    1.7122074365615845,
    1.611031174659729,
    1.6330790519714355,
    1.6318752765655518,
    1.5934151411056519
  ]
}