{
  "transformer": [
    5.959651947021484,
    5.800608158111572,
    5.806178092956543,
    5.548352241516113,
    5.455251216888428,
    5.293287754058838,
    5.183473110198975,
    5.129064559936523,
    4.99328088760376,
    4.913914680480957,
    4.819517612457275,
    4.783542633056641,
    4.659506320953369,
    4.603099822998047,
    4.554866313934326,
    4.512285232543945,
    4.481886386871338,
    4.448373794555664,
    4.427600860595703,
    4.370784282684326,
    4.367402076721191,
    4.333379745483398,
    4.282729625701904,
    4.3150248527526855,
    4.259117126464844,
    4.2780585289001465,
    4.254121780395508,
    4.213828086853027,
    4.191203594207764,
    4.162567138671875,
    4.178314685821533,
    4.139090538024902,
    4.149529933929443,
    4.152903079986572,
    4.162370204925537,
    4.135735511779785,
    4.132997989654541,
    4.113775730133057,
    4.121446132659912,
    4.120977401733398
  ],
  "gd_oracle": [
    6.422818660736084,
    6.426249027252197,
    5.968386650085449,
    5.856962203979492,
    5.611482620239258,
    5.419339656829834,
    5.37269926071167,
    5.127790927886963,
    5.043049335479736,
    4.894445896148682,
    4.837257385253906,
    4.699927806854248,
    4.6204023361206055,
    4.56522274017334,
    4.509460926055908,
    4.456428050994873,
    4.429488658905029,
    4.39933967590332,
    4.339412689208984,
    4.326018810272217,
    4.294188022613525,
    4.244189262390137,
    4.280369281768799,
    4.223664283752441,
    4.227331161499023,
    4.217857837677002,
    4.163010597229004,
    4.136882305145264,
    4.104979991912842,
    4.14005708694458,
    4.094992160797119,
    4.0977349281311035,
    4.101083278656006,
    4.123207092285156,
    4.090925693511963,
    4.076023101806641,
    4.0720391273498535,
    4.078575134277344,
    4.078570365905762
  ],
  "true_oracle": [
    3.888287305831909,
    3.9056708812713623,
    3.8611295223236084,
    3.8912105560302734,
    3.883315086364746,
    3.879223346710205,
    3.8987553119659424,
    3.885681629180908,
    3.904024839401245,
    3.8959767818450928,
    3.8875322341918945,
    3.8740053176879883,
    3.883331060409546,
    3.8754546642303467,
    3.8803131580352783,
    3.8870935440063477,
    3.902555465698242,
    3.8772027492523193,
    3.8966422080993652,
    3.897738218307495,
    3.9013912677764893,
    3.8786263465881348,
    3.9147772789001465,
    3.8913588523864746,
    3.9046874046325684,
    3.9001944065093994,
    3.8852226734161377,
    3.884450674057007,
    3.86478590965271,
    3.8902854919433594,
    3.8804545402526855,
    3.8775429725646973,
    3.8818562030792236,
    3.9038031101226807,
    3.881505012512207,
    3.8812665939331055,
    3.8855693340301514,
    3.905457019805908,
    3.903548240661621
  ],
  "naive": [
    59.03395080566406,
    47.59019470214844,
    42.94151306152344,
    40.235145568847656,
    39.219608306884766,
    37.30448913574219,
    39.400238037109375,
    35.77356719970703,
    36.29985809326172,
    35.44328308105469,
    34.17060852050781,
    33.946510314941406,
    32.78693771362305,
    33.97874450683594,
    35.30873107910156,
    32.20076370239258,
    34.11594772338867,
    34.723731994628906,
    29.762250900268555,
    32.68955612182617,
    29.856666564941406,
    30.120227813720703,
    32.24504470825195,
    30.966150283813477,
    31.78989028930664,
    31.692428588867188,
    32.31833267211914,
    30.627614974975586,
    30.49694061279297,
    31.682552337646484,
    29.631330490112305,
    33.25618362426758,
    32.36479568481445,
    31.87794303894043,
    31.50199317932129,
    30.539596557617188,
    32.00938034057617,
    31.419536590576172,
    30.436891555786133
  ]
}