{
  "transformer": [
    6.102659702301025,
    5.993921279907227,
    5.788818359375,
    5.664317607879639,
    5.533199310302734,
    5.358144283294678,
    5.1812591552734375,
    5.088863372802734,
    5.001280784606934,
    4.896216869354248,
    4.847970008850098,
    4.763617992401123,
    4.677667617797852,
    4.622243404388428,
    4.541674613952637,
    4.477252960205078,
    4.438214302062988,
    4.452787399291992,
    4.4033989906311035,
    4.389877796173096,
    4.366644382476807,
    4.350342273712158,
    4.295295715332031,
    4.260894298553467,
    4.251140594482422,
    4.217679023742676,
    4.203943729400635,
    4.186699867248535,
    4.202532768249512,
    4.186793804168701,
    4.153501510620117,
    4.162522315979004,
    4.158417701721191,
    4.1595916748046875,
    4.112934112548828,
    4.118127346038818,
    4.121270179748535,
    4.0925774574279785,
    4.104261875152588,
    4.091251850128174
  ],
  "gd_oracle": [
    6.629058361053467,
    6.212718486785889,
    6.130451202392578,
    5.910651206970215,
    5.617825031280518,
    5.367366790771484,
    5.267673015594482,
    5.130803108215332,
    4.966313362121582,
    4.923145294189453,
    4.843256950378418,
    4.7027106285095215,
    4.624373912811279,
    4.5605082511901855,
    4.474978923797607,
    4.442699909210205,
    4.434668064117432,
    4.370325565338135,
    4.361016273498535,
    4.344293117523193,
    4.327274799346924,
    4.27341365814209,
    4.230754375457764,
    4.225740909576416,
    4.177473545074463,
    4.173868656158447,
    4.150444507598877,
    4.162564754486084,
    4.148437976837158,
    4.119382858276367,
    4.129278182983398,
    4.128771781921387,
    4.128817558288574,
    4.081223487854004,
    4.084704399108887,
    4.081849098205566,
    4.053452968597412,
    4.062950134277344,
    4.061078071594238
  ],
  "true_oracle": [
    3.8912525177001953,
    3.879108190536499,
    3.8997695446014404,
    3.9095404148101807,
    3.8729240894317627,
    3.889629602432251,
    3.8759560585021973,
    3.9111647605895996,
    3.882068634033203,
    3.9142959117889404,
    3.9114878177642822,
    3.9080302715301514,
    3.8783295154571533,
    3.8798787593841553,
    3.876497507095337,
    3.8694510459899902,
    3.9022698402404785,
    3.875260829925537,
    3.898851156234741,
    3.892765998840332,
    3.909613847732544,
    3.9000627994537354,
    3.8841018676757812,
    3.8956096172332764,
    3.8814468383789062,
    3.877976179122925,
    3.8789968490600586,
    3.9008913040161133,
    3.8810951709747314,
    3.8735225200653076,
    3.902996778488159,
    3.898947238922119,
    3.8921713829040527,
    3.8705222606658936,
    3.8840839862823486,
    3.885608434677124,
    3.872697591781616,
    3.8733596801757812,
    3.895542860031128
  ],
  "naive": [
    63.9968376159668,
    44.27816390991211,
    43.02002716064453,
    42.55174255371094,
    39.47319412231445,
    36.71055221557617,
    35.0472526550293,
    35.098026275634766,
    35.710601806640625,
    37.028961181640625,
    34.06975555419922,
    33.545284271240234,
    34.627410888671875,
    35.37440872192383,
    33.538700103759766,
    35.01985549926758,
    33.550201416015625,
    36.00264358520508,
    31.877159118652344,
    32.382389068603516,
    33.99411392211914,
    34.13238525390625,
    31.848369598388672,
    33.06657791137695,
    31.766735076904297,
    32.37914276123047,
    29.2949161529541,
    32.658119201660156,
    30.558271408081055,
    32.25617980957031,
    33.13798522949219,
    31.819862365722656,
    33.12114334106445,
    31.81717872619629,
    33.59688949584961,
    32.39361572265625,
    30.195262908935547,
    30.001707077026367,
    32.78268814086914
  ]
}