{
  "transformer": [
    3.009255886077881,
    2.4798598289489746,
    2.3123233318328857,
    2.1985065937042236,
    2.0906033515930176,
    2.0455679893493652,
    1.9918538331985474,
    1.953508973121643,
    1.9877378940582275,
    1.9683973789215088,
    1.89455246925354,
    1.8893260955810547,
    1.8480002880096436,
    1.831384301185608,
    1.823773980140686,
    1.822697639465332,
    1.7689952850341797,
    1.7931609153747559,
    1.7318699359893799,
    1.7366876602172852,
    1.7225725650787354,
    1.702361822128296,
    1.6535353660583496,
    1.6798206567764282,
    1.6284728050231934,
    1.6634706258773804,
    1.6082175970077515,
    1.630627989768982,
    1.6139116287231445,
    1.5879684686660767,
    1.5982519388198853,
    1.5860843658447266,
    1.55538010597229,
    1.5532808303833008,
    1.5625876188278198,
    1.579836368560791,
    1.5649657249450684,
    1.5512655973434448,
    1.5494238138198853,
    1.5380183458328247
  ],
  "gd_oracle": [
    2.5013203620910645,
    2.404599905014038,
    2.3381121158599854,
    2.230604410171509,
    2.183474063873291,
    2.105222702026367,
    2.0690083503723145,
    2.115323305130005,
    2.065217971801758,
    1.995742678642273,
    1.9601448774337769,
    1.9183355569839478,
    1.8729952573776245,
    1.8745601177215576,
    1.8743025064468384,
    1.8174972534179688,
    1.827940821647644,
    1.7629421949386597,
    1.7622767686843872,
    1.746719479560852,
    1.7199612855911255,
    1.6724796295166016,
    1.699996829032898,
    1.6421700716018677,
    1.668204426765442,
    1.6039425134658813,
    1.637693166732788,
    1.606170892715454,
    1.5755956172943115,
    1.5983214378356934,
    1.5708235502243042,
    1.54502534866333,
    1.5358542203903198,
    1.5472506284713745,
    1.5700145959854126,
    1.548331379890442,
    1.5391395092010498,
    1.5365585088729858,
    1.5220388174057007
  ],
  "true_oracle": [
    1.3080722093582153,
    1.3273415565490723,
    1.3300424814224243,
    1.3270848989486694,
    1.3257349729537964,
    1.3114911317825317,
    1.3110547065734863,
    1.3075600862503052,
    1.3333698511123657,
    1.3308253288269043,
    1.3315680027008057,
    1.3298944234848022,
    1.3235515356063843,
    1.31940495967865,
    1.328856110572815,
    1.315302848815918,
    1.321913242340088,
    1.310455322265625,
    1.326921820640564,
    1.332515835762024,
    1.3267093896865845,
    1.3245636224746704,
    1.3221561908721924,
    1.327404499053955,
    1.3270585536956787,
    1.3053646087646484,
    1.3220123052597046,
    1.3340309858322144,
    1.3062511682510376,
    1.3149522542953491,
    1.324291706085205,
    1.3273073434829712,
    1.3171032667160034,
    1.3269425630569458,
    1.3233081102371216,
    1.3267606496810913,
    1.3217966556549072,
    1.3161226511001587,
    1.3280203342437744
  ],
  "naive": [
    8.215208053588867,
    4.844536781311035,
    3.6356570720672607,
    2.977393627166748,
    2.784578800201416,
    2.607346534729004,
    2.541670799255371,
    2.6170334815979004,
    2.5164635181427,
    2.4359967708587646,
    2.47194766998291,
    2.466728925704956,
    2.37337064743042,
    2.4071450233459473,
    2.4723877906799316,
    2.3844361305236816,
    2.495868682861328,
    2.4442098140716553,
    2.398956060409546,
    2.4400618076324463,
    2.3595492839813232,
    2.327875852584839,
    2.453960657119751,
    2.3102643489837646,
    2.36934494972229,
    2.2625222206115723,
    2.353120803833008,
    2.2568933963775635,
    2.3854246139526367,
    2.387430429458618,
    2.3356873989105225,
    2.308588981628418,
    2.2383980751037598,
    2.3184096813201904,
    2.356071949005127,
    2.3106956481933594,
    2.35929799079895,
    2.3329339027404785,
    2.3405983448028564
  ]
}