{
  "transformer": [
    6.0211405754089355,
    5.877529144287109,
    5.738065242767334,
    5.584292888641357,
    5.396897792816162,
    5.34885835647583,
    5.163514614105225,
    5.080585479736328,
    5.002610683441162,
    4.9141764640808105,
    4.789092063903809,
    4.794455528259277,
    4.623673439025879,
    4.614670753479004,
    4.531260967254639,
    4.513071537017822,
    4.50920295715332,
    4.474930286407471,
    4.383856773376465,
    4.388266563415527,
    4.347452640533447,
    4.318274021148682,
    4.3561177253723145,
    4.2900590896606445,
    4.224670886993408,
    4.25244665145874,
    4.2159504890441895,
    4.209954738616943,
    4.2118425369262695,
    4.187053680419922,
    4.180100440979004,
    4.16746711730957,
    4.152828216552734,
    4.149377822875977,
    4.136500835418701,
    4.11944055557251,
    4.150683403015137,
    4.131208419799805,
    4.104224681854248,
    4.134044647216797
  ],
  "gd_oracle": [
    6.5506062507629395,
    6.3443217277526855,
    6.071596622467041,
    5.763463973999023,
    5.710107326507568,
    5.377303600311279,
    5.285103797912598,
    5.175666809082031,
    5.035852432250977,
    4.869865417480469,
    4.866501331329346,
    4.663694381713867,
    4.645791053771973,
    4.5354485511779785,
    4.501650810241699,
    4.49601411819458,
    4.442774772644043,
    4.359635829925537,
    4.338863372802734,
    4.310637474060059,
    4.281723499298096,
    4.325307846069336,
    4.238666534423828,
    4.183633327484131,
    4.202430725097656,
    4.170680522918701,
    4.155795097351074,
    4.1611785888671875,
    4.144826412200928,
    4.128878116607666,
    4.120889663696289,
    4.109857559204102,
    4.097239017486572,
    4.0877766609191895,
    4.068476676940918,
    4.0966925621032715,
    4.081063747406006,
    4.048858642578125,
    4.068935871124268
  ],
  "true_oracle": [
    3.885382652282715,
    3.9032397270202637,
    3.8959412574768066,
    3.877735137939453,
    3.912592887878418,
    3.886488914489746,
    3.8681018352508545,
    3.8781769275665283,
    3.8906116485595703,
    3.8877909183502197,
    3.9136264324188232,
    3.8749382495880127,
    3.89471697807312,
    3.883296012878418,
    3.874281883239746,
    3.8997514247894287,
    3.904017448425293,
    3.881627321243286,
    3.8896257877349854,
    3.8941502571105957,
    3.887298345565796,
    3.90177059173584,
    3.897514820098877,
    3.8766982555389404,
    3.881768226623535,
    3.8767404556274414,
    3.8695623874664307,
    3.8848507404327393,
    3.895271062850952,
    3.8836171627044678,
    3.8844199180603027,
    3.881549835205078,
    3.8802576065063477,
    3.8979365825653076,
    3.8755390644073486,
    3.903064727783203,
    3.8888068199157715,
    3.8800947666168213,
    3.8980398178100586
  ],
  "naive": [
    61.34006118774414,
    48.570350646972656,
    44.19426727294922,
    39.657283782958984,
    40.77325439453125,
    37.1943359375,
    36.22565460205078,
    39.08696746826172,
    35.594940185546875,
    36.46609878540039,
    38.67941665649414,
    31.72594451904297,
    33.50508499145508,
    32.15608215332031,
    33.90433883666992,
    34.24467086791992,
    34.84672927856445,
    31.233749389648438,
    34.75693130493164,
    31.591459274291992,
    31.019025802612305,
    35.41183853149414,
    32.863224029541016,
    31.202714920043945,
    32.66865158081055,
    32.6629638671875,
    33.944976806640625,
    32.78642272949219,
    33.010257720947266,
    30.547487258911133,
    31.66263198852539,
    31.68549156188965,
    34.35411834716797,
    32.45527648925781,
    31.390644073486328,
    31.60942268371582,
    33.5648307800293,
    30.901397705078125,
    35.26060485839844
  ]
}