{
  "transformer": [
    2.3458051681518555,
    2.298654556274414,
    2.2835378646850586,
    2.26501202583313,
    2.3749849796295166,
    2.3732943534851074,
    2.3197014331817627,
    2.3500168323516846,
    2.367683172225952,
    2.3908650875091553,
    2.3447351455688477,
    2.3158175945281982,
    2.424231767654419,
    2.3061983585357666,
    2.3203506469726562,
    2.2720577716827393,
    2.1974241733551025,
    2.2812671661376953,
    2.2481062412261963,
    2.252556562423706,
    2.2139291763305664,
    2.2824552059173584,
    2.1552510261535645,
    2.2486939430236816,
    2.165346384048462,
    2.240262508392334,
    2.207730531692505,
    2.1546599864959717,
    2.270724296569824,
    2.1665749549865723,
    2.144608974456787,
    2.1479239463806152,
    2.147292137145996,
    2.139122486114502,
    2.11553692817688,
    2.073688507080078,
    2.1301045417785645,
    2.1231021881103516,
    2.1206252574920654,
    2.0885391235351562
  ],
  "gd_oracle": [
    2.200709342956543,
    2.166126012802124,
    2.1504569053649902,
    2.2097392082214355,
    2.1699140071868896,
    2.0881006717681885,
    2.081817150115967,
    2.0978777408599854,
    2.096644163131714,
    2.0463404655456543,
    2.0139195919036865,
    2.1227331161499023,
    2.015110969543457,
    2.0269393920898438,
    1.9921550750732422,
    1.96312415599823,
    2.006284236907959,
    1.955978512763977,
    1.944923758506775,
    1.939340591430664,
    1.9557029008865356,
    1.9325307607650757,
    1.932051658630371,
    1.919966220855713,
    1.9277050495147705,
    1.9188313484191895,
    1.9087636470794678,
    1.9378479719161987,
    1.9132155179977417,
    1.9095491170883179,
    1.8750513792037964,
    1.8870118856430054,
    1.8769984245300293,
    1.8666534423828125,
    1.8719611167907715,
    1.8921600580215454,
    1.8839503526687622,
    1.8663774728775024,
    1.8550925254821777
  ],
  "true_oracle": [
    1.7239679098129272,
    1.7290526628494263,
    1.7225241661071777,
    1.735184907913208,
    1.730194091796875,
    1.7299648523330688,
    1.7256667613983154,
    1.7317304611206055,
    1.731491208076477,
    1.7048392295837402,
    1.7279398441314697,
    1.765662670135498,
    1.730823040008545,
    1.7492198944091797,
    1.7329548597335815,
    1.7232253551483154,
    1.7369593381881714,
    1.7199190855026245,
    1.730948805809021,
    1.7219239473342896,
    1.7348651885986328,
    1.7173140048980713,
    1.7292956113815308,
    1.72368586063385,
    1.7356575727462769,
    1.7227550745010376,
    1.7139085531234741,
    1.7382526397705078,
    1.7305335998535156,
    1.7356172800064087,
    1.7138651609420776,
    1.7282929420471191,
    1.7322866916656494,
    1.7185113430023193,
    1.7236014604568481,
    1.7492449283599854,
    1.7399832010269165,
    1.727673053741455,
    1.7243034839630127
  ],
  "naive": [
    13.487649917602539,
    8.190751075744629,
    5.700246334075928,
    5.595099449157715,
    4.825629711151123,
    4.201000690460205,
    4.098679542541504,
    4.153720855712891,
    4.220704555511475,
    3.9214210510253906,
    3.930112600326538,
    4.257032871246338,
    3.885824680328369,
    3.76408052444458,
    3.7251274585723877,
    3.579970359802246,
    3.9921624660491943,
    3.64924693107605,
    3.5981292724609375,
    3.6118507385253906,
    3.922687530517578,
    3.4678139686584473,
    3.8348422050476074,
    3.5679941177368164,
    3.746178150177002,
    3.5820446014404297,
    3.774121046066284,
    3.843210458755493,
    3.7197117805480957,
    3.7557389736175537,
    3.5551416873931885,
    3.7126660346984863,
    3.6595656871795654,
    3.7198870182037354,
    3.587294578552246,
    3.9378559589385986,
    3.5108835697174072,
    3.611708164215088,
    3.5756258964538574
  ]
}